Ad_Name,Brand,Account,Campaign,Creative_Type,Performance_Rating,Priority,GitHub_Download_Link,GitHub_View_Link,Status,Hook_Type,Notes,Download_Command,File_Size_KB,Directory_Source,Created_Date
USD_TurnedYellow_1602031767130531_video_This_Father_s_Day_Turn_Dad_Yellow_Up_to_70_Off_2025-06-12-3b,USD_TurnedYellow,USD_TurnedYellow,120223458675550108,Video,⭐ Fresh Download,Medium,https://github.com/lac5q/creative-ads-repository/raw/main/hd_ad_creatives/USD_TurnedYellow_1602031767130531_video_This_Father_s_Day_Turn_Dad_Yellow_Up_to_70_Off_2025-06-12-3b.jpg,https://github.com/lac5q/creative-ads-repository/blob/main/hd_ad_creatives/USD_TurnedYellow_1602031767130531_video_This_Father_s_Day_Turn_Dad_Yellow_Up_to_70_Off_2025-06-12-3b.jpg,Active,Father's Day,Fresh download 2025-06-25 - Fresh download on 2025-06-25,"curl -L ""https://github.com/lac5q/creative-ads-repository/raw/main/hd_ad_creatives/USD_TurnedYellow_1602031767130531_video_This_Father_s_Day_Turn_Dad_Yellow_Up_to_70_Off_2025-06-12-3b.jpg"" -o ""USD_TurnedYellow_1602031767130531_video_This_Father_s_Day_Turn_Dad_Yellow_Up_to_70_Off_2025-06-12-3b.jpg""",6.76,hd_ad_creatives,2025-06-25
USD_TurnedYellow_1005954561528097_video_This_Father_s_Day_Turn_Dad_Yellow_Up_to_70_Off_2025-06-12-f4,USD_TurnedYellow,USD_TurnedYellow,120223458675550108,Video,⭐ Fresh Download,Medium,https://github.com/lac5q/creative-ads-repository/raw/main/hd_ad_creatives/USD_TurnedYellow_1005954561528097_video_This_Father_s_Day_Turn_Dad_Yellow_Up_to_70_Off_2025-06-12-f4.jpg,https://github.com/lac5q/creative-ads-repository/blob/main/hd_ad_creatives/USD_TurnedYellow_1005954561528097_video_This_Father_s_Day_Turn_Dad_Yellow_Up_to_70_Off_2025-06-12-f4.jpg,Active,Father's Day,Fresh download 2025-06-25 - Fresh download on 2025-06-25,"curl -L ""https://github.com/lac5q/creative-ads-repository/raw/main/hd_ad_creatives/USD_TurnedYellow_1005954561528097_video_This_Father_s_Day_Turn_Dad_Yellow_Up_to_70_Off_2025-06-12-f4.jpg"" -o ""USD_TurnedYellow_1005954561528097_video_This_Father_s_Day_Turn_Dad_Yellow_Up_to_70_Off_2025-06-12-f4.jpg""",8.67,hd_ad_creatives,2025-06-25
USD_TurnedYellow_1232598365204446_video_This_Father_s_Day_Turn_Dad_Yellow_Up_to_70_Off_2025-06-11-f6,USD_TurnedYellow,USD_TurnedYellow,120223458675550108,Video,⭐ Fresh Download,Medium,https://github.com/lac5q/creative-ads-repository/raw/main/hd_ad_creatives/USD_TurnedYellow_1232598365204446_video_This_Father_s_Day_Turn_Dad_Yellow_Up_to_70_Off_2025-06-11-f6.jpg,https://github.com/lac5q/creative-ads-repository/blob/main/hd_ad_creatives/USD_TurnedYellow_1232598365204446_video_This_Father_s_Day_Turn_Dad_Yellow_Up_to_70_Off_2025-06-11-f6.jpg,Active,Father's Day,Fresh download 2025-06-25 - Fresh download on 2025-06-25,"curl -L ""https://github.com/lac5q/creative-ads-repository/raw/main/hd_ad_creatives/USD_TurnedYellow_1232598365204446_video_This_Father_s_Day_Turn_Dad_Yellow_Up_to_70_Off_2025-06-11-f6.jpg"" -o ""USD_TurnedYellow_1232598365204446_video_This_Father_s_Day_Turn_Dad_Yellow_Up_to_70_Off_2025-06-11-f6.jpg""",9.04,hd_ad_creatives,2025-06-25
USD_TurnedYellow_1281054330262045_video_This_Father_s_Day_Turn_Dad_Yellow_Up_to_70_Off_2025-06-11-d0,USD_TurnedYellow,USD_TurnedYellow,120223458675550108,Video,⭐ Fresh Download,Medium,https://github.com/lac5q/creative-ads-repository/raw/main/hd_ad_creatives/USD_TurnedYellow_1281054330262045_video_This_Father_s_Day_Turn_Dad_Yellow_Up_to_70_Off_2025-06-11-d0.jpg,https://github.com/lac5q/creative-ads-repository/blob/main/hd_ad_creatives/USD_TurnedYellow_1281054330262045_video_This_Father_s_Day_Turn_Dad_Yellow_Up_to_70_Off_2025-06-11-d0.jpg,Active,Father's Day,Fresh download 2025-06-25 - Fresh download on 2025-06-25,"curl -L ""https://github.com/lac5q/creative-ads-repository/raw/main/hd_ad_creatives/USD_TurnedYellow_1281054330262045_video_This_Father_s_Day_Turn_Dad_Yellow_Up_to_70_Off_2025-06-11-d0.jpg"" -o ""USD_TurnedYellow_1281054330262045_video_This_Father_s_Day_Turn_Dad_Yellow_Up_to_70_Off_2025-06-11-d0.jpg""",8.97,hd_ad_creatives,2025-06-25
USD_TurnedYellow_1419785155685137_video_Dad_s_Hilarious_New_Look_Up_to_70_Off_2025-05-20-2a0a5c227d0,USD_TurnedYellow,USD_TurnedYellow,120223458675550108,Video,⭐ Fresh Download,Medium,https://github.com/lac5q/creative-ads-repository/raw/main/hd_ad_creatives/USD_TurnedYellow_1419785155685137_video_Dad_s_Hilarious_New_Look_Up_to_70_Off_2025-05-20-2a0a5c227d0.jpg,https://github.com/lac5q/creative-ads-repository/blob/main/hd_ad_creatives/USD_TurnedYellow_1419785155685137_video_Dad_s_Hilarious_New_Look_Up_to_70_Off_2025-05-20-2a0a5c227d0.jpg,Active,Father's Day,Fresh download 2025-06-25 - Fresh download on 2025-06-25,"curl -L ""https://github.com/lac5q/creative-ads-repository/raw/main/hd_ad_creatives/USD_TurnedYellow_1419785155685137_video_Dad_s_Hilarious_New_Look_Up_to_70_Off_2025-05-20-2a0a5c227d0.jpg"" -o ""USD_TurnedYellow_1419785155685137_video_Dad_s_Hilarious_New_Look_Up_to_70_Off_2025-05-20-2a0a5c227d0.jpg""",7.39,hd_ad_creatives,2025-06-25
USD_TurnedYellow_1761282917804254_video_Get_Dad_Laughing_Up_to_70_OFF__2025-05-30-5a2a563bdccb286d79,USD_TurnedYellow,USD_TurnedYellow,120223458675550108,Video,⭐ Fresh Download,Medium,https://github.com/lac5q/creative-ads-repository/raw/main/hd_ad_creatives/USD_TurnedYellow_1761282917804254_video_Get_Dad_Laughing_Up_to_70_OFF__2025-05-30-5a2a563bdccb286d79.jpg,https://github.com/lac5q/creative-ads-repository/blob/main/hd_ad_creatives/USD_TurnedYellow_1761282917804254_video_Get_Dad_Laughing_Up_to_70_OFF__2025-05-30-5a2a563bdccb286d79.jpg,Active,Father's Day,Fresh download 2025-06-25 - Fresh download on 2025-06-25,"curl -L ""https://github.com/lac5q/creative-ads-repository/raw/main/hd_ad_creatives/USD_TurnedYellow_1761282917804254_video_Get_Dad_Laughing_Up_to_70_OFF__2025-05-30-5a2a563bdccb286d79.jpg"" -o ""USD_TurnedYellow_1761282917804254_video_Get_Dad_Laughing_Up_to_70_OFF__2025-05-30-5a2a563bdccb286d79.jpg""",9.37,hd_ad_creatives,2025-06-25
USD_TurnedYellow_2922943441219466_image_Get_Dad_Laughing_Up_to_70_OFF__2025-05-28-8c18ad74e0ff984d3d,USD_TurnedYellow,USD_TurnedYellow,120223458675550108,Image,⭐ Fresh Download,Medium,https://github.com/lac5q/creative-ads-repository/raw/main/hd_ad_creatives/USD_TurnedYellow_2922943441219466_image_Get_Dad_Laughing_Up_to_70_OFF__2025-05-28-8c18ad74e0ff984d3d.jpg,https://github.com/lac5q/creative-ads-repository/blob/main/hd_ad_creatives/USD_TurnedYellow_2922943441219466_image_Get_Dad_Laughing_Up_to_70_OFF__2025-05-28-8c18ad74e0ff984d3d.jpg,Active,Father's Day,Fresh download 2025-06-25 - Fresh download on 2025-06-25,"curl -L ""https://github.com/lac5q/creative-ads-repository/raw/main/hd_ad_creatives/USD_TurnedYellow_2922943441219466_image_Get_Dad_Laughing_Up_to_70_OFF__2025-05-28-8c18ad74e0ff984d3d.jpg"" -o ""USD_TurnedYellow_2922943441219466_image_Get_Dad_Laughing_Up_to_70_OFF__2025-05-28-8c18ad74e0ff984d3d.jpg""",269.48,hd_ad_creatives,2025-06-25
USD_TurnedYellow_1744998302722143_video_Dad_s_Hilarious_New_Look_Up_to_70_Off_2025-05-17-8dd4b46e990,USD_TurnedYellow,USD_TurnedYellow,120223458675550108,Video,⭐ Fresh Download,Medium,https://github.com/lac5q/creative-ads-repository/raw/main/hd_ad_creatives/USD_TurnedYellow_1744998302722143_video_Dad_s_Hilarious_New_Look_Up_to_70_Off_2025-05-17-8dd4b46e990.jpg,https://github.com/lac5q/creative-ads-repository/blob/main/hd_ad_creatives/USD_TurnedYellow_1744998302722143_video_Dad_s_Hilarious_New_Look_Up_to_70_Off_2025-05-17-8dd4b46e990.jpg,Active,Father's Day,Fresh download 2025-06-25 - Fresh download on 2025-06-25,"curl -L ""https://github.com/lac5q/creative-ads-repository/raw/main/hd_ad_creatives/USD_TurnedYellow_1744998302722143_video_Dad_s_Hilarious_New_Look_Up_to_70_Off_2025-05-17-8dd4b46e990.jpg"" -o ""USD_TurnedYellow_1744998302722143_video_Dad_s_Hilarious_New_Look_Up_to_70_Off_2025-05-17-8dd4b46e990.jpg""",9.52,hd_ad_creatives,2025-06-25
USD_TurnedYellow_1320707222360470_video_Get_Dad_Laughing_Up_to_70_OFF__2025-05-28-2d1c5349ee12b07678,USD_TurnedYellow,USD_TurnedYellow,120223458675550108,Video,⭐ Fresh Download,Medium,https://github.com/lac5q/creative-ads-repository/raw/main/hd_ad_creatives/USD_TurnedYellow_1320707222360470_video_Get_Dad_Laughing_Up_to_70_OFF__2025-05-28-2d1c5349ee12b07678.jpg,https://github.com/lac5q/creative-ads-repository/blob/main/hd_ad_creatives/USD_TurnedYellow_1320707222360470_video_Get_Dad_Laughing_Up_to_70_OFF__2025-05-28-2d1c5349ee12b07678.jpg,Active,Father's Day,Fresh download 2025-06-25 - Fresh download on 2025-06-25,"curl -L ""https://github.com/lac5q/creative-ads-repository/raw/main/hd_ad_creatives/USD_TurnedYellow_1320707222360470_video_Get_Dad_Laughing_Up_to_70_OFF__2025-05-28-2d1c5349ee12b07678.jpg"" -o ""USD_TurnedYellow_1320707222360470_video_Get_Dad_Laughing_Up_to_70_OFF__2025-05-28-2d1c5349ee12b07678.jpg""",7.78,hd_ad_creatives,2025-06-25
USD_TurnedYellow_739715065387367_video_Get_Dad_Laughing_Up_to_70_OFF__2025-05-30-af2bd3134e80127a9c.,USD_TurnedYellow,USD_TurnedYellow,120223458675550108,Video,⭐ Fresh Download,Medium,https://github.com/lac5q/creative-ads-repository/raw/main/hd_ad_creatives/USD_TurnedYellow_739715065387367_video_Get_Dad_Laughing_Up_to_70_OFF__2025-05-30-af2bd3134e80127a9c.jpg,https://github.com/lac5q/creative-ads-repository/blob/main/hd_ad_creatives/USD_TurnedYellow_739715065387367_video_Get_Dad_Laughing_Up_to_70_OFF__2025-05-30-af2bd3134e80127a9c.jpg,Active,Father's Day,Fresh download 2025-06-25 - Fresh download on 2025-06-25,"curl -L ""https://github.com/lac5q/creative-ads-repository/raw/main/hd_ad_creatives/USD_TurnedYellow_739715065387367_video_Get_Dad_Laughing_Up_to_70_OFF__2025-05-30-af2bd3134e80127a9c.jpg"" -o ""USD_TurnedYellow_739715065387367_video_Get_Dad_Laughing_Up_to_70_OFF__2025-05-30-af2bd3134e80127a9c.jpg""",9.37,hd_ad_creatives,2025-06-25
USD_TurnedYellow_1210327987494412_image_Get_Dad_Laughing_Up_to_70_OFF__2025-05-28-0e26c5d6210d99e964,USD_TurnedYellow,USD_TurnedYellow,120223458675550108,Image,⭐ Fresh Download,Medium,https://github.com/lac5q/creative-ads-repository/raw/main/hd_ad_creatives/USD_TurnedYellow_1210327987494412_image_Get_Dad_Laughing_Up_to_70_OFF__2025-05-28-0e26c5d6210d99e964.jpg,https://github.com/lac5q/creative-ads-repository/blob/main/hd_ad_creatives/USD_TurnedYellow_1210327987494412_image_Get_Dad_Laughing_Up_to_70_OFF__2025-05-28-0e26c5d6210d99e964.jpg,Active,Father's Day,Fresh download 2025-06-25 - Fresh download on 2025-06-25,"curl -L ""https://github.com/lac5q/creative-ads-repository/raw/main/hd_ad_creatives/USD_TurnedYellow_1210327987494412_image_Get_Dad_Laughing_Up_to_70_OFF__2025-05-28-0e26c5d6210d99e964.jpg"" -o ""USD_TurnedYellow_1210327987494412_image_Get_Dad_Laughing_Up_to_70_OFF__2025-05-28-0e26c5d6210d99e964.jpg""",269.48,hd_ad_creatives,2025-06-25
USD_TurnedYellow_611116684592963_video_Get_Dad_Laughing_Up_to_70_OFF__2025-05-28-5cd1ec047b8e23f653.,USD_TurnedYellow,USD_TurnedYellow,120223458675550108,Video,⭐ Fresh Download,Medium,https://github.com/lac5q/creative-ads-repository/raw/main/hd_ad_creatives/USD_TurnedYellow_611116684592963_video_Get_Dad_Laughing_Up_to_70_OFF__2025-05-28-5cd1ec047b8e23f653.jpg,https://github.com/lac5q/creative-ads-repository/blob/main/hd_ad_creatives/USD_TurnedYellow_611116684592963_video_Get_Dad_Laughing_Up_to_70_OFF__2025-05-28-5cd1ec047b8e23f653.jpg,Active,Father's Day,Fresh download 2025-06-25 - Fresh download on 2025-06-25,"curl -L ""https://github.com/lac5q/creative-ads-repository/raw/main/hd_ad_creatives/USD_TurnedYellow_611116684592963_video_Get_Dad_Laughing_Up_to_70_OFF__2025-05-28-5cd1ec047b8e23f653.jpg"" -o ""USD_TurnedYellow_611116684592963_video_Get_Dad_Laughing_Up_to_70_OFF__2025-05-28-5cd1ec047b8e23f653.jpg""",8.54,hd_ad_creatives,2025-06-25
USD_TurnedYellow_3998788930367636_video_Dad_s_Hilarious_New_Look_Up_to_70_Off_2025-05-20-8301f6205a3,USD_TurnedYellow,USD_TurnedYellow,120223458675550108,Video,⭐ Fresh Download,Medium,https://github.com/lac5q/creative-ads-repository/raw/main/hd_ad_creatives/USD_TurnedYellow_3998788930367636_video_Dad_s_Hilarious_New_Look_Up_to_70_Off_2025-05-20-8301f6205a3.jpg,https://github.com/lac5q/creative-ads-repository/blob/main/hd_ad_creatives/USD_TurnedYellow_3998788930367636_video_Dad_s_Hilarious_New_Look_Up_to_70_Off_2025-05-20-8301f6205a3.jpg,Active,Father's Day,Fresh download 2025-06-25 - Fresh download on 2025-06-25,"curl -L ""https://github.com/lac5q/creative-ads-repository/raw/main/hd_ad_creatives/USD_TurnedYellow_3998788930367636_video_Dad_s_Hilarious_New_Look_Up_to_70_Off_2025-05-20-8301f6205a3.jpg"" -o ""USD_TurnedYellow_3998788930367636_video_Dad_s_Hilarious_New_Look_Up_to_70_Off_2025-05-20-8301f6205a3.jpg""",7.39,hd_ad_creatives,2025-06-25
USD_TurnedYellow_722462166800755_image_Mom_But_Make_It_Cartoon__2025-05-05-535d3292ffa0a76c72146938.,USD_TurnedYellow,USD_TurnedYellow,120220287515680108,Image,⭐ Fresh Download,Medium,https://github.com/lac5q/creative-ads-repository/raw/main/hd_ad_creatives/USD_TurnedYellow_722462166800755_image_Mom_But_Make_It_Cartoon__2025-05-05-535d3292ffa0a76c72146938.jpg,https://github.com/lac5q/creative-ads-repository/blob/main/hd_ad_creatives/USD_TurnedYellow_722462166800755_image_Mom_But_Make_It_Cartoon__2025-05-05-535d3292ffa0a76c72146938.jpg,Active,Mother's Day,Fresh download 2025-06-25 - Fresh download on 2025-06-25,"curl -L ""https://github.com/lac5q/creative-ads-repository/raw/main/hd_ad_creatives/USD_TurnedYellow_722462166800755_image_Mom_But_Make_It_Cartoon__2025-05-05-535d3292ffa0a76c72146938.jpg"" -o ""USD_TurnedYellow_722462166800755_image_Mom_But_Make_It_Cartoon__2025-05-05-535d3292ffa0a76c72146938.jpg""",183.75,hd_ad_creatives,2025-06-25
USD_TurnedYellow_574743688489755_image_Mom_But_Make_It_Cartoon__2025-05-05-126814b5c3bd6543c529e644.,USD_TurnedYellow,USD_TurnedYellow,120220287515680108,Image,⭐ Fresh Download,Medium,https://github.com/lac5q/creative-ads-repository/raw/main/hd_ad_creatives/USD_TurnedYellow_574743688489755_image_Mom_But_Make_It_Cartoon__2025-05-05-126814b5c3bd6543c529e644.jpg,https://github.com/lac5q/creative-ads-repository/blob/main/hd_ad_creatives/USD_TurnedYellow_574743688489755_image_Mom_But_Make_It_Cartoon__2025-05-05-126814b5c3bd6543c529e644.jpg,Active,Mother's Day,Fresh download 2025-06-25 - Fresh download on 2025-06-25,"curl -L ""https://github.com/lac5q/creative-ads-repository/raw/main/hd_ad_creatives/USD_TurnedYellow_574743688489755_image_Mom_But_Make_It_Cartoon__2025-05-05-126814b5c3bd6543c529e644.jpg"" -o ""USD_TurnedYellow_574743688489755_image_Mom_But_Make_It_Cartoon__2025-05-05-126814b5c3bd6543c529e644.jpg""",183.75,hd_ad_creatives,2025-06-25
USD_TurnedYellow_1021068956786856_video_Gift_Laughter_This_Easter__2025-04-08-ecb48fbf783dea57df46fc,USD_TurnedYellow,USD_TurnedYellow,120219323497630108,Video,⭐ Fresh Download,Medium,https://github.com/lac5q/creative-ads-repository/raw/main/hd_ad_creatives/USD_TurnedYellow_1021068956786856_video_Gift_Laughter_This_Easter__2025-04-08-ecb48fbf783dea57df46fc.jpg,https://github.com/lac5q/creative-ads-repository/blob/main/hd_ad_creatives/USD_TurnedYellow_1021068956786856_video_Gift_Laughter_This_Easter__2025-04-08-ecb48fbf783dea57df46fc.jpg,Active,Easter,Fresh download 2025-06-25 - Fresh download on 2025-06-25,"curl -L ""https://github.com/lac5q/creative-ads-repository/raw/main/hd_ad_creatives/USD_TurnedYellow_1021068956786856_video_Gift_Laughter_This_Easter__2025-04-08-ecb48fbf783dea57df46fc.jpg"" -o ""USD_TurnedYellow_1021068956786856_video_Gift_Laughter_This_Easter__2025-04-08-ecb48fbf783dea57df46fc.jpg""",9.54,hd_ad_creatives,2025-06-25
USD_TurnedYellow_1568981233768433_image_Gift_Laughter_This_Easter__2025-04-08-b0dd0b930783ee6107a31e,USD_TurnedYellow,USD_TurnedYellow,120219323497630108,Image,⭐ Fresh Download,Medium,https://github.com/lac5q/creative-ads-repository/raw/main/hd_ad_creatives/USD_TurnedYellow_1568981233768433_image_Gift_Laughter_This_Easter__2025-04-08-b0dd0b930783ee6107a31e.jpg,https://github.com/lac5q/creative-ads-repository/blob/main/hd_ad_creatives/USD_TurnedYellow_1568981233768433_image_Gift_Laughter_This_Easter__2025-04-08-b0dd0b930783ee6107a31e.jpg,Active,Easter,Fresh download 2025-06-25 - Fresh download on 2025-06-25,"curl -L ""https://github.com/lac5q/creative-ads-repository/raw/main/hd_ad_creatives/USD_TurnedYellow_1568981233768433_image_Gift_Laughter_This_Easter__2025-04-08-b0dd0b930783ee6107a31e.jpg"" -o ""USD_TurnedYellow_1568981233768433_image_Gift_Laughter_This_Easter__2025-04-08-b0dd0b930783ee6107a31e.jpg""",169.34,hd_ad_creatives,2025-06-25
USD_TurnedYellow_1012217514184189_video_Gift_Laughter_This_Easter__2025-04-08-30ffa5ad24dcb8eba276e2,USD_TurnedYellow,USD_TurnedYellow,120219323497630108,Video,⭐ Fresh Download,Medium,https://github.com/lac5q/creative-ads-repository/raw/main/hd_ad_creatives/USD_TurnedYellow_1012217514184189_video_Gift_Laughter_This_Easter__2025-04-08-30ffa5ad24dcb8eba276e2.jpg,https://github.com/lac5q/creative-ads-repository/blob/main/hd_ad_creatives/USD_TurnedYellow_1012217514184189_video_Gift_Laughter_This_Easter__2025-04-08-30ffa5ad24dcb8eba276e2.jpg,Active,Easter,Fresh download 2025-06-25 - Fresh download on 2025-06-25,"curl -L ""https://github.com/lac5q/creative-ads-repository/raw/main/hd_ad_creatives/USD_TurnedYellow_1012217514184189_video_Gift_Laughter_This_Easter__2025-04-08-30ffa5ad24dcb8eba276e2.jpg"" -o ""USD_TurnedYellow_1012217514184189_video_Gift_Laughter_This_Easter__2025-04-08-30ffa5ad24dcb8eba276e2.jpg""",6.67,hd_ad_creatives,2025-06-25
USD_TurnedYellow_1186986756463023_video_Gift_Laughter_This_Easter__2025-04-08-b7eced1d172f9247dc4322,USD_TurnedYellow,USD_TurnedYellow,120219323497630108,Video,⭐ Fresh Download,Medium,https://github.com/lac5q/creative-ads-repository/raw/main/hd_ad_creatives/USD_TurnedYellow_1186986756463023_video_Gift_Laughter_This_Easter__2025-04-08-b7eced1d172f9247dc4322.jpg,https://github.com/lac5q/creative-ads-repository/blob/main/hd_ad_creatives/USD_TurnedYellow_1186986756463023_video_Gift_Laughter_This_Easter__2025-04-08-b7eced1d172f9247dc4322.jpg,Active,Easter,Fresh download 2025-06-25 - Fresh download on 2025-06-25,"curl -L ""https://github.com/lac5q/creative-ads-repository/raw/main/hd_ad_creatives/USD_TurnedYellow_1186986756463023_video_Gift_Laughter_This_Easter__2025-04-08-b7eced1d172f9247dc4322.jpg"" -o ""USD_TurnedYellow_1186986756463023_video_Gift_Laughter_This_Easter__2025-04-08-b7eced1d172f9247dc4322.jpg""",6.67,hd_ad_creatives,2025-06-25
USD_TurnedYellow_1116979426391043_image_The_Best_Valentine_s_Day_Gift_2025-01-24-3c72b760d5d4c4b482e,USD_TurnedYellow,USD_TurnedYellow,120214341522790108,Image,⭐ Fresh Download,Medium,https://github.com/lac5q/creative-ads-repository/raw/main/hd_ad_creatives/USD_TurnedYellow_1116979426391043_image_The_Best_Valentine_s_Day_Gift_2025-01-24-3c72b760d5d4c4b482e.jpg,https://github.com/lac5q/creative-ads-repository/blob/main/hd_ad_creatives/USD_TurnedYellow_1116979426391043_image_The_Best_Valentine_s_Day_Gift_2025-01-24-3c72b760d5d4c4b482e.jpg,Active,Valentine's Day,Fresh download 2025-06-25 - Fresh download on 2025-06-25,"curl -L ""https://github.com/lac5q/creative-ads-repository/raw/main/hd_ad_creatives/USD_TurnedYellow_1116979426391043_image_The_Best_Valentine_s_Day_Gift_2025-01-24-3c72b760d5d4c4b482e.jpg"" -o ""USD_TurnedYellow_1116979426391043_image_The_Best_Valentine_s_Day_Gift_2025-01-24-3c72b760d5d4c4b482e.jpg""",176.68,hd_ad_creatives,2025-06-25
MakeMeJedi_1212831203681534_video_The_Ultimate_Father_s_Day_Surprise_-_Up_to_70_OFF_2025-06-11.jpg,MakeMeJedi,MakeMeJedi,120226594181200354,Video,⭐ Fresh Download,Medium,https://github.com/lac5q/creative-ads-repository/raw/main/hd_ad_creatives/MakeMeJedi_1212831203681534_video_The_Ultimate_Father_s_Day_Surprise_-_Up_to_70_OFF_2025-06-11.jpg,https://github.com/lac5q/creative-ads-repository/blob/main/hd_ad_creatives/MakeMeJedi_1212831203681534_video_The_Ultimate_Father_s_Day_Surprise_-_Up_to_70_OFF_2025-06-11.jpg,Active,Father's Day,Fresh download 2025-06-25 - Fresh download on 2025-06-25,"curl -L ""https://github.com/lac5q/creative-ads-repository/raw/main/hd_ad_creatives/MakeMeJedi_1212831203681534_video_The_Ultimate_Father_s_Day_Surprise_-_Up_to_70_OFF_2025-06-11.jpg"" -o ""MakeMeJedi_1212831203681534_video_The_Ultimate_Father_s_Day_Surprise_-_Up_to_70_OFF_2025-06-11.jpg""",7.49,hd_ad_creatives,2025-06-25
MakeMeJedi_1518190389590549_video_The_Ultimate_Father_s_Day_Surprise_-_Up_to_70_OFF_2025-06-11.jpg,MakeMeJedi,MakeMeJedi,120226594181200354,Video,⭐ Fresh Download,Medium,https://github.com/lac5q/creative-ads-repository/raw/main/hd_ad_creatives/MakeMeJedi_1518190389590549_video_The_Ultimate_Father_s_Day_Surprise_-_Up_to_70_OFF_2025-06-11.jpg,https://github.com/lac5q/creative-ads-repository/blob/main/hd_ad_creatives/MakeMeJedi_1518190389590549_video_The_Ultimate_Father_s_Day_Surprise_-_Up_to_70_OFF_2025-06-11.jpg,Active,Father's Day,Fresh download 2025-06-25 - Fresh download on 2025-06-25,"curl -L ""https://github.com/lac5q/creative-ads-repository/raw/main/hd_ad_creatives/MakeMeJedi_1518190389590549_video_The_Ultimate_Father_s_Day_Surprise_-_Up_to_70_OFF_2025-06-11.jpg"" -o ""MakeMeJedi_1518190389590549_video_The_Ultimate_Father_s_Day_Surprise_-_Up_to_70_OFF_2025-06-11.jpg""",8.48,hd_ad_creatives,2025-06-25
MakeMeJedi_2432920570441720_video_The_Ultimate_Father_s_Day_Surprise_-_Up_to_70_OFF_2025-06-11.jpg,MakeMeJedi,MakeMeJedi,120226594181200354,Video,⭐ Fresh Download,Medium,https://github.com/lac5q/creative-ads-repository/raw/main/hd_ad_creatives/MakeMeJedi_2432920570441720_video_The_Ultimate_Father_s_Day_Surprise_-_Up_to_70_OFF_2025-06-11.jpg,https://github.com/lac5q/creative-ads-repository/blob/main/hd_ad_creatives/MakeMeJedi_2432920570441720_video_The_Ultimate_Father_s_Day_Surprise_-_Up_to_70_OFF_2025-06-11.jpg,Active,Father's Day,Fresh download 2025-06-25 - Fresh download on 2025-06-25,"curl -L ""https://github.com/lac5q/creative-ads-repository/raw/main/hd_ad_creatives/MakeMeJedi_2432920570441720_video_The_Ultimate_Father_s_Day_Surprise_-_Up_to_70_OFF_2025-06-11.jpg"" -o ""MakeMeJedi_2432920570441720_video_The_Ultimate_Father_s_Day_Surprise_-_Up_to_70_OFF_2025-06-11.jpg""",7.49,hd_ad_creatives,2025-06-25
MakeMeJedi_2429515844075681_video_The_Ultimate_Father_s_Day_Surprise_-_Up_to_70_OFF_2025-06-11.jpg,MakeMeJedi,MakeMeJedi,120226594181200354,Video,⭐ Fresh Download,Medium,https://github.com/lac5q/creative-ads-repository/raw/main/hd_ad_creatives/MakeMeJedi_2429515844075681_video_The_Ultimate_Father_s_Day_Surprise_-_Up_to_70_OFF_2025-06-11.jpg,https://github.com/lac5q/creative-ads-repository/blob/main/hd_ad_creatives/MakeMeJedi_2429515844075681_video_The_Ultimate_Father_s_Day_Surprise_-_Up_to_70_OFF_2025-06-11.jpg,Active,Father's Day,Fresh download 2025-06-25 - Fresh download on 2025-06-25,"curl -L ""https://github.com/lac5q/creative-ads-repository/raw/main/hd_ad_creatives/MakeMeJedi_2429515844075681_video_The_Ultimate_Father_s_Day_Surprise_-_Up_to_70_OFF_2025-06-11.jpg"" -o ""MakeMeJedi_2429515844075681_video_The_Ultimate_Father_s_Day_Surprise_-_Up_to_70_OFF_2025-06-11.jpg""",8.48,hd_ad_creatives,2025-06-25
MakeMeJedi_1048704517352595_video_The_Ultimate_Father_s_Day_Surprise_-_Up_to_70_OFF_2025-06-11.jpg,MakeMeJedi,MakeMeJedi,120226594181200354,Video,⭐ Fresh Download,Medium,https://github.com/lac5q/creative-ads-repository/raw/main/hd_ad_creatives/MakeMeJedi_1048704517352595_video_The_Ultimate_Father_s_Day_Surprise_-_Up_to_70_OFF_2025-06-11.jpg,https://github.com/lac5q/creative-ads-repository/blob/main/hd_ad_creatives/MakeMeJedi_1048704517352595_video_The_Ultimate_Father_s_Day_Surprise_-_Up_to_70_OFF_2025-06-11.jpg,Active,Father's Day,Fresh download 2025-06-25 - Fresh download on 2025-06-25,"curl -L ""https://github.com/lac5q/creative-ads-repository/raw/main/hd_ad_creatives/MakeMeJedi_1048704517352595_video_The_Ultimate_Father_s_Day_Surprise_-_Up_to_70_OFF_2025-06-11.jpg"" -o ""MakeMeJedi_1048704517352595_video_The_Ultimate_Father_s_Day_Surprise_-_Up_to_70_OFF_2025-06-11.jpg""",7.65,hd_ad_creatives,2025-06-25
MakeMeJedi_2511741675866644_video_The_Ultimate_Father_s_Day_Surprise_-_Up_to_70_OFF_2025-06-11.jpg,MakeMeJedi,MakeMeJedi,120226594181200354,Video,⭐ Fresh Download,Medium,https://github.com/lac5q/creative-ads-repository/raw/main/hd_ad_creatives/MakeMeJedi_2511741675866644_video_The_Ultimate_Father_s_Day_Surprise_-_Up_to_70_OFF_2025-06-11.jpg,https://github.com/lac5q/creative-ads-repository/blob/main/hd_ad_creatives/MakeMeJedi_2511741675866644_video_The_Ultimate_Father_s_Day_Surprise_-_Up_to_70_OFF_2025-06-11.jpg,Active,Father's Day,Fresh download 2025-06-25 - Fresh download on 2025-06-25,"curl -L ""https://github.com/lac5q/creative-ads-repository/raw/main/hd_ad_creatives/MakeMeJedi_2511741675866644_video_The_Ultimate_Father_s_Day_Surprise_-_Up_to_70_OFF_2025-06-11.jpg"" -o ""MakeMeJedi_2511741675866644_video_The_Ultimate_Father_s_Day_Surprise_-_Up_to_70_OFF_2025-06-11.jpg""",10.07,hd_ad_creatives,2025-06-25
MakeMeJedi_701051849340807_video_Surprise_Your_Dad_This_Father_s_Day__2025-05-30-781ba1e3ab3d.jpg,MakeMeJedi,MakeMeJedi,120226594181200354,Video,⭐ Fresh Download,Medium,https://github.com/lac5q/creative-ads-repository/raw/main/hd_ad_creatives/MakeMeJedi_701051849340807_video_Surprise_Your_Dad_This_Father_s_Day__2025-05-30-781ba1e3ab3d.jpg,https://github.com/lac5q/creative-ads-repository/blob/main/hd_ad_creatives/MakeMeJedi_701051849340807_video_Surprise_Your_Dad_This_Father_s_Day__2025-05-30-781ba1e3ab3d.jpg,Active,Father's Day,Fresh download 2025-06-25 - Fresh download on 2025-06-25,"curl -L ""https://github.com/lac5q/creative-ads-repository/raw/main/hd_ad_creatives/MakeMeJedi_701051849340807_video_Surprise_Your_Dad_This_Father_s_Day__2025-05-30-781ba1e3ab3d.jpg"" -o ""MakeMeJedi_701051849340807_video_Surprise_Your_Dad_This_Father_s_Day__2025-05-30-781ba1e3ab3d.jpg""",8.83,hd_ad_creatives,2025-06-25
MakeMeJedi_1231576455025877_video_Surprise_Your_Dad_This_Father_s_Day__2025-05-16-d3a7076b541b.jpg,MakeMeJedi,MakeMeJedi,120226594181200354,Video,⭐ Fresh Download,Medium,https://github.com/lac5q/creative-ads-repository/raw/main/hd_ad_creatives/MakeMeJedi_1231576455025877_video_Surprise_Your_Dad_This_Father_s_Day__2025-05-16-d3a7076b541b.jpg,https://github.com/lac5q/creative-ads-repository/blob/main/hd_ad_creatives/MakeMeJedi_1231576455025877_video_Surprise_Your_Dad_This_Father_s_Day__2025-05-16-d3a7076b541b.jpg,Active,Father's Day,Fresh download 2025-06-25 - Fresh download on 2025-06-25,"curl -L ""https://github.com/lac5q/creative-ads-repository/raw/main/hd_ad_creatives/MakeMeJedi_1231576455025877_video_Surprise_Your_Dad_This_Father_s_Day__2025-05-16-d3a7076b541b.jpg"" -o ""MakeMeJedi_1231576455025877_video_Surprise_Your_Dad_This_Father_s_Day__2025-05-16-d3a7076b541b.jpg""",10.87,hd_ad_creatives,2025-06-25
MakeMeJedi_973358931497404_image_This_Mother_s_Day__May_the_laughs_be_with_you_2025-04-17-ae7.jpg,MakeMeJedi,MakeMeJedi,120224035615330354,Image,⭐ Fresh Download,Medium,https://github.com/lac5q/creative-ads-repository/raw/main/hd_ad_creatives/MakeMeJedi_973358931497404_image_This_Mother_s_Day__May_the_laughs_be_with_you_2025-04-17-ae7.jpg,https://github.com/lac5q/creative-ads-repository/blob/main/hd_ad_creatives/MakeMeJedi_973358931497404_image_This_Mother_s_Day__May_the_laughs_be_with_you_2025-04-17-ae7.jpg,Active,Mother's Day,Fresh download 2025-06-25 - Fresh download on 2025-06-25,"curl -L ""https://github.com/lac5q/creative-ads-repository/raw/main/hd_ad_creatives/MakeMeJedi_973358931497404_image_This_Mother_s_Day__May_the_laughs_be_with_you_2025-04-17-ae7.jpg"" -o ""MakeMeJedi_973358931497404_image_This_Mother_s_Day__May_the_laughs_be_with_you_2025-04-17-ae7.jpg""",164.23,hd_ad_creatives,2025-06-25
MakeMeJedi_1160845358860193_video_This_Mother_s_Day__May_the_laughs_be_with_you_2025-04-17-47d.jpg,MakeMeJedi,MakeMeJedi,120224035615330354,Video,⭐ Fresh Download,Medium,https://github.com/lac5q/creative-ads-repository/raw/main/hd_ad_creatives/MakeMeJedi_1160845358860193_video_This_Mother_s_Day__May_the_laughs_be_with_you_2025-04-17-47d.jpg,https://github.com/lac5q/creative-ads-repository/blob/main/hd_ad_creatives/MakeMeJedi_1160845358860193_video_This_Mother_s_Day__May_the_laughs_be_with_you_2025-04-17-47d.jpg,Active,Mother's Day,Fresh download 2025-06-25 - Fresh download on 2025-06-25,"curl -L ""https://github.com/lac5q/creative-ads-repository/raw/main/hd_ad_creatives/MakeMeJedi_1160845358860193_video_This_Mother_s_Day__May_the_laughs_be_with_you_2025-04-17-47d.jpg"" -o ""MakeMeJedi_1160845358860193_video_This_Mother_s_Day__May_the_laughs_be_with_you_2025-04-17-47d.jpg""",7.63,hd_ad_creatives,2025-06-25
MakeMeJedi_1878547996015843_video_Jedi_Family_Portrait__Now_Everyone_s_Cracking_Up__2025-04-08.jpg,MakeMeJedi,MakeMeJedi,120223141564780354,Video,⭐ Fresh Download,Medium,https://github.com/lac5q/creative-ads-repository/raw/main/hd_ad_creatives/MakeMeJedi_1878547996015843_video_Jedi_Family_Portrait__Now_Everyone_s_Cracking_Up__2025-04-08.jpg,https://github.com/lac5q/creative-ads-repository/blob/main/hd_ad_creatives/MakeMeJedi_1878547996015843_video_Jedi_Family_Portrait__Now_Everyone_s_Cracking_Up__2025-04-08.jpg,Active,Unknown,Fresh download 2025-06-25 - Fresh download on 2025-06-25,"curl -L ""https://github.com/lac5q/creative-ads-repository/raw/main/hd_ad_creatives/MakeMeJedi_1878547996015843_video_Jedi_Family_Portrait__Now_Everyone_s_Cracking_Up__2025-04-08.jpg"" -o ""MakeMeJedi_1878547996015843_video_Jedi_Family_Portrait__Now_Everyone_s_Cracking_Up__2025-04-08.jpg""",8.11,hd_ad_creatives,2025-06-25
MakeMeJedi_1428725648092803_image_Jedi_Family_Portrait__Now_Everyone_s_Cracking_Up__2025-04-08.jpg,MakeMeJedi,MakeMeJedi,120223141564780354,Image,⭐ Fresh Download,Medium,https://github.com/lac5q/creative-ads-repository/raw/main/hd_ad_creatives/MakeMeJedi_1428725648092803_image_Jedi_Family_Portrait__Now_Everyone_s_Cracking_Up__2025-04-08.jpg,https://github.com/lac5q/creative-ads-repository/blob/main/hd_ad_creatives/MakeMeJedi_1428725648092803_image_Jedi_Family_Portrait__Now_Everyone_s_Cracking_Up__2025-04-08.jpg,Active,Unknown,Fresh download 2025-06-25 - Fresh download on 2025-06-25,"curl -L ""https://github.com/lac5q/creative-ads-repository/raw/main/hd_ad_creatives/MakeMeJedi_1428725648092803_image_Jedi_Family_Portrait__Now_Everyone_s_Cracking_Up__2025-04-08.jpg"" -o ""MakeMeJedi_1428725648092803_image_Jedi_Family_Portrait__Now_Everyone_s_Cracking_Up__2025-04-08.jpg""",148.49,hd_ad_creatives,2025-06-25
MakeMeJedi_975403881437353_video_Jedi_Family_Portrait__Now_Everyone_s_Cracking_Up__2025-04-08.jpg,MakeMeJedi,MakeMeJedi,120223141564780354,Video,⭐ Fresh Download,Medium,https://github.com/lac5q/creative-ads-repository/raw/main/hd_ad_creatives/MakeMeJedi_975403881437353_video_Jedi_Family_Portrait__Now_Everyone_s_Cracking_Up__2025-04-08.jpg,https://github.com/lac5q/creative-ads-repository/blob/main/hd_ad_creatives/MakeMeJedi_975403881437353_video_Jedi_Family_Portrait__Now_Everyone_s_Cracking_Up__2025-04-08.jpg,Active,Unknown,Fresh download 2025-06-25 - Fresh download on 2025-06-25,"curl -L ""https://github.com/lac5q/creative-ads-repository/raw/main/hd_ad_creatives/MakeMeJedi_975403881437353_video_Jedi_Family_Portrait__Now_Everyone_s_Cracking_Up__2025-04-08.jpg"" -o ""MakeMeJedi_975403881437353_video_Jedi_Family_Portrait__Now_Everyone_s_Cracking_Up__2025-04-08.jpg""",7.21,hd_ad_creatives,2025-06-25
MakeMeJedi_981722934125041_video_Jedi_Family_Portrait__Now_Everyone_s_Cracking_Up__2025-04-08.jpg,MakeMeJedi,MakeMeJedi,120223141564780354,Video,⭐ Fresh Download,Medium,https://github.com/lac5q/creative-ads-repository/raw/main/hd_ad_creatives/MakeMeJedi_981722934125041_video_Jedi_Family_Portrait__Now_Everyone_s_Cracking_Up__2025-04-08.jpg,https://github.com/lac5q/creative-ads-repository/blob/main/hd_ad_creatives/MakeMeJedi_981722934125041_video_Jedi_Family_Portrait__Now_Everyone_s_Cracking_Up__2025-04-08.jpg,Active,Unknown,Fresh download 2025-06-25 - Fresh download on 2025-06-25,"curl -L ""https://github.com/lac5q/creative-ads-repository/raw/main/hd_ad_creatives/MakeMeJedi_981722934125041_video_Jedi_Family_Portrait__Now_Everyone_s_Cracking_Up__2025-04-08.jpg"" -o ""MakeMeJedi_981722934125041_video_Jedi_Family_Portrait__Now_Everyone_s_Cracking_Up__2025-04-08.jpg""",8.11,hd_ad_creatives,2025-06-25
MakeMeJedi_120214904414330354_video_Up_tp_75_Off_Sitewide_2024-11-29-27d7139a288926134c1ac64a1fd.jpg,MakeMeJedi,MakeMeJedi,120214904279410354,Video,⭐ Fresh Download,Medium,https://github.com/lac5q/creative-ads-repository/raw/main/hd_ad_creatives/MakeMeJedi_120214904414330354_video_Up_tp_75_Off_Sitewide_2024-11-29-27d7139a288926134c1ac64a1fd.jpg,https://github.com/lac5q/creative-ads-repository/blob/main/hd_ad_creatives/MakeMeJedi_120214904414330354_video_Up_tp_75_Off_Sitewide_2024-11-29-27d7139a288926134c1ac64a1fd.jpg,Active,Unknown,Fresh download 2025-06-25 - Fresh download on 2025-06-25,"curl -L ""https://github.com/lac5q/creative-ads-repository/raw/main/hd_ad_creatives/MakeMeJedi_120214904414330354_video_Up_tp_75_Off_Sitewide_2024-11-29-27d7139a288926134c1ac64a1fd.jpg"" -o ""MakeMeJedi_120214904414330354_video_Up_tp_75_Off_Sitewide_2024-11-29-27d7139a288926134c1ac64a1fd.jpg""",8.02,hd_ad_creatives,2025-06-25
MakeMeJedi_120214512156550354_image_Early_Black_Friday_Sale_-_Up_to_70_Off__2024-11-18-98eaf8cba.jpg,MakeMeJedi,MakeMeJedi,120214176630510354,Image,⭐ Fresh Download,Medium,https://github.com/lac5q/creative-ads-repository/raw/main/hd_ad_creatives/MakeMeJedi_120214512156550354_image_Early_Black_Friday_Sale_-_Up_to_70_Off__2024-11-18-98eaf8cba.jpg,https://github.com/lac5q/creative-ads-repository/blob/main/hd_ad_creatives/MakeMeJedi_120214512156550354_image_Early_Black_Friday_Sale_-_Up_to_70_Off__2024-11-18-98eaf8cba.jpg,Active,Black Friday,Fresh download 2025-06-25 - Fresh download on 2025-06-25,"curl -L ""https://github.com/lac5q/creative-ads-repository/raw/main/hd_ad_creatives/MakeMeJedi_120214512156550354_image_Early_Black_Friday_Sale_-_Up_to_70_Off__2024-11-18-98eaf8cba.jpg"" -o ""MakeMeJedi_120214512156550354_image_Early_Black_Friday_Sale_-_Up_to_70_Off__2024-11-18-98eaf8cba.jpg""",162.63,hd_ad_creatives,2025-06-25
MakeMeJedi_120214512156110354_image_Early_Black_Friday_Sale_-_Up_to_70_Off__2024-11-18-67de092fc.jpg,MakeMeJedi,MakeMeJedi,120214176630510354,Image,⭐ Fresh Download,Medium,https://github.com/lac5q/creative-ads-repository/raw/main/hd_ad_creatives/MakeMeJedi_120214512156110354_image_Early_Black_Friday_Sale_-_Up_to_70_Off__2024-11-18-67de092fc.jpg,https://github.com/lac5q/creative-ads-repository/blob/main/hd_ad_creatives/MakeMeJedi_120214512156110354_image_Early_Black_Friday_Sale_-_Up_to_70_Off__2024-11-18-67de092fc.jpg,Active,Black Friday,Fresh download 2025-06-25 - Fresh download on 2025-06-25,"curl -L ""https://github.com/lac5q/creative-ads-repository/raw/main/hd_ad_creatives/MakeMeJedi_120214512156110354_image_Early_Black_Friday_Sale_-_Up_to_70_Off__2024-11-18-67de092fc.jpg"" -o ""MakeMeJedi_120214512156110354_image_Early_Black_Friday_Sale_-_Up_to_70_Off__2024-11-18-67de092fc.jpg""",162.63,hd_ad_creatives,2025-06-25
MakeMeJedi_120214177292420354_video_Early_Black_Friday_Sale_-_Up_to_70_Off__2024-11-08-106176148.jpg,MakeMeJedi,MakeMeJedi,120214176630510354,Video,⭐ Fresh Download,Medium,https://github.com/lac5q/creative-ads-repository/raw/main/hd_ad_creatives/MakeMeJedi_120214177292420354_video_Early_Black_Friday_Sale_-_Up_to_70_Off__2024-11-08-106176148.jpg,https://github.com/lac5q/creative-ads-repository/blob/main/hd_ad_creatives/MakeMeJedi_120214177292420354_video_Early_Black_Friday_Sale_-_Up_to_70_Off__2024-11-08-106176148.jpg,Active,Black Friday,Fresh download 2025-06-25 - Fresh download on 2025-06-25,"curl -L ""https://github.com/lac5q/creative-ads-repository/raw/main/hd_ad_creatives/MakeMeJedi_120214177292420354_video_Early_Black_Friday_Sale_-_Up_to_70_Off__2024-11-08-106176148.jpg"" -o ""MakeMeJedi_120214177292420354_video_Early_Black_Friday_Sale_-_Up_to_70_Off__2024-11-08-106176148.jpg""",8.69,hd_ad_creatives,2025-06-25
MakeMeJedi_120214177266730354_video_Early_Black_Friday_Sale_-_Up_to_70_Off__2024-11-08-a4d7f0d86.jpg,MakeMeJedi,MakeMeJedi,120214176630510354,Video,⭐ Fresh Download,Medium,https://github.com/lac5q/creative-ads-repository/raw/main/hd_ad_creatives/MakeMeJedi_120214177266730354_video_Early_Black_Friday_Sale_-_Up_to_70_Off__2024-11-08-a4d7f0d86.jpg,https://github.com/lac5q/creative-ads-repository/blob/main/hd_ad_creatives/MakeMeJedi_120214177266730354_video_Early_Black_Friday_Sale_-_Up_to_70_Off__2024-11-08-a4d7f0d86.jpg,Active,Black Friday,Fresh download 2025-06-25 - Fresh download on 2025-06-25,"curl -L ""https://github.com/lac5q/creative-ads-repository/raw/main/hd_ad_creatives/MakeMeJedi_120214177266730354_video_Early_Black_Friday_Sale_-_Up_to_70_Off__2024-11-08-a4d7f0d86.jpg"" -o ""MakeMeJedi_120214177266730354_video_Early_Black_Friday_Sale_-_Up_to_70_Off__2024-11-08-a4d7f0d86.jpg""",8.69,hd_ad_creatives,2025-06-25
MakeMeJedi_910316701014349_image_Best._Gift._Ever.__Period__2025-02-25-2f10062f225ce43975e2fc.jpg,MakeMeJedi,MakeMeJedi,120209567143580354,Image,⭐ Fresh Download,Medium,https://github.com/lac5q/creative-ads-repository/raw/main/hd_ad_creatives/MakeMeJedi_910316701014349_image_Best._Gift._Ever.__Period__2025-02-25-2f10062f225ce43975e2fc.jpg,https://github.com/lac5q/creative-ads-repository/blob/main/hd_ad_creatives/MakeMeJedi_910316701014349_image_Best._Gift._Ever.__Period__2025-02-25-2f10062f225ce43975e2fc.jpg,Active,Gift/Surprise,Fresh download 2025-06-25 - Fresh download on 2025-06-25,"curl -L ""https://github.com/lac5q/creative-ads-repository/raw/main/hd_ad_creatives/MakeMeJedi_910316701014349_image_Best._Gift._Ever.__Period__2025-02-25-2f10062f225ce43975e2fc.jpg"" -o ""MakeMeJedi_910316701014349_image_Best._Gift._Ever.__Period__2025-02-25-2f10062f225ce43975e2fc.jpg""",220.61,hd_ad_creatives,2025-06-25
HoliFrog_23852106503370701_video_20_Off_First_Purchase_2022-11-22-5734935d1c36c7419cbacb48080.jpg,HoliFrog,HoliFrog,23851882940040701,Video,⭐ Fresh Download,Medium,https://github.com/lac5q/creative-ads-repository/raw/main/video_creatives/HoliFrog_23852106503370701_video_20_Off_First_Purchase_2022-11-22-5734935d1c36c7419cbacb48080.jpg,https://github.com/lac5q/creative-ads-repository/blob/main/video_creatives/HoliFrog_23852106503370701_video_20_Off_First_Purchase_2022-11-22-5734935d1c36c7419cbacb48080.jpg,Active,Unknown,Fresh download 2025-06-25 - Fresh download on 2025-06-25,"curl -L ""https://github.com/lac5q/creative-ads-repository/raw/main/video_creatives/HoliFrog_23852106503370701_video_20_Off_First_Purchase_2022-11-22-5734935d1c36c7419cbacb48080.jpg"" -o ""HoliFrog_23852106503370701_video_20_Off_First_Purchase_2022-11-22-5734935d1c36c7419cbacb48080.jpg""",9.05,video_creatives,2025-06-25
HoliFrog_23850493386930701_image_Special_Value_-_The_Ultimate_Comfort_Combo_2022-05-25-fdfdd2.jpg,HoliFrog,HoliFrog,23850715048710701,Image,⭐ Fresh Download,Medium,https://github.com/lac5q/creative-ads-repository/raw/main/video_creatives/HoliFrog_23850493386930701_image_Special_Value_-_The_Ultimate_Comfort_Combo_2022-05-25-fdfdd2.jpg,https://github.com/lac5q/creative-ads-repository/blob/main/video_creatives/HoliFrog_23850493386930701_image_Special_Value_-_The_Ultimate_Comfort_Combo_2022-05-25-fdfdd2.jpg,Active,Unknown,Fresh download 2025-06-25 - Fresh download on 2025-06-25,"curl -L ""https://github.com/lac5q/creative-ads-repository/raw/main/video_creatives/HoliFrog_23850493386930701_image_Special_Value_-_The_Ultimate_Comfort_Combo_2022-05-25-fdfdd2.jpg"" -o ""HoliFrog_23850493386930701_image_Special_Value_-_The_Ultimate_Comfort_Combo_2022-05-25-fdfdd2.jpg""",91.5,video_creatives,2025-06-25
HoliFrog_23850493386930701_image_Special_Value_-_The_Ultimate_Comfort_Combo_2022-05-25-fdfdd2.jpg,HoliFrog,HoliFrog,23850715002970701,Image,⭐ Fresh Download,Medium,https://github.com/lac5q/creative-ads-repository/raw/main/video_creatives/HoliFrog_23850493386930701_image_Special_Value_-_The_Ultimate_Comfort_Combo_2022-05-25-fdfdd2.jpg,https://github.com/lac5q/creative-ads-repository/blob/main/video_creatives/HoliFrog_23850493386930701_image_Special_Value_-_The_Ultimate_Comfort_Combo_2022-05-25-fdfdd2.jpg,Active,Unknown,Fresh download 2025-06-25 - Fresh download on 2025-06-25,"curl -L ""https://github.com/lac5q/creative-ads-repository/raw/main/video_creatives/HoliFrog_23850493386930701_image_Special_Value_-_The_Ultimate_Comfort_Combo_2022-05-25-fdfdd2.jpg"" -o ""HoliFrog_23850493386930701_image_Special_Value_-_The_Ultimate_Comfort_Combo_2022-05-25-fdfdd2.jpg""",91.5,video_creatives,2025-06-25
HoliFrog_23850408542650701_video_NEW_Utopia_Microflora_Toner_2022-05-13-24b07265a9435d15f34c5.jpg,HoliFrog,HoliFrog,23850715002970701,Video,⭐ Fresh Download,Medium,https://github.com/lac5q/creative-ads-repository/raw/main/video_creatives/HoliFrog_23850408542650701_video_NEW_Utopia_Microflora_Toner_2022-05-13-24b07265a9435d15f34c5.jpg,https://github.com/lac5q/creative-ads-repository/blob/main/video_creatives/HoliFrog_23850408542650701_video_NEW_Utopia_Microflora_Toner_2022-05-13-24b07265a9435d15f34c5.jpg,Active,Unknown,Fresh download 2025-06-25 - Fresh download on 2025-06-25,"curl -L ""https://github.com/lac5q/creative-ads-repository/raw/main/video_creatives/HoliFrog_23850408542650701_video_NEW_Utopia_Microflora_Toner_2022-05-13-24b07265a9435d15f34c5.jpg"" -o ""HoliFrog_23850408542650701_video_NEW_Utopia_Microflora_Toner_2022-05-13-24b07265a9435d15f34c5.jpg""",5.79,video_creatives,2025-06-25
HoliFrog_23850408542650701_video_NEW_Utopia_Microflora_Toner_2022-05-13-24b07265a9435d15f34c5.jpg,HoliFrog,HoliFrog,23850408605440701,Video,⭐ Fresh Download,Medium,https://github.com/lac5q/creative-ads-repository/raw/main/video_creatives/HoliFrog_23850408542650701_video_NEW_Utopia_Microflora_Toner_2022-05-13-24b07265a9435d15f34c5.jpg,https://github.com/lac5q/creative-ads-repository/blob/main/video_creatives/HoliFrog_23850408542650701_video_NEW_Utopia_Microflora_Toner_2022-05-13-24b07265a9435d15f34c5.jpg,Active,Unknown,Fresh download 2025-06-25 - Fresh download on 2025-06-25,"curl -L ""https://github.com/lac5q/creative-ads-repository/raw/main/video_creatives/HoliFrog_23850408542650701_video_NEW_Utopia_Microflora_Toner_2022-05-13-24b07265a9435d15f34c5.jpg"" -o ""HoliFrog_23850408542650701_video_NEW_Utopia_Microflora_Toner_2022-05-13-24b07265a9435d15f34c5.jpg""",5.79,video_creatives,2025-06-25
HoliFrog_23850451991760701_video_NEW_Utopia_Microflora_Toner_2022-05-19-cb61a0d1f33db5ac1fe05.jpg,HoliFrog,HoliFrog,23850408605440701,Video,⭐ Fresh Download,Medium,https://github.com/lac5q/creative-ads-repository/raw/main/video_creatives/HoliFrog_23850451991760701_video_NEW_Utopia_Microflora_Toner_2022-05-19-cb61a0d1f33db5ac1fe05.jpg,https://github.com/lac5q/creative-ads-repository/blob/main/video_creatives/HoliFrog_23850451991760701_video_NEW_Utopia_Microflora_Toner_2022-05-19-cb61a0d1f33db5ac1fe05.jpg,Active,Unknown,Fresh download 2025-06-25 - Fresh download on 2025-06-25,"curl -L ""https://github.com/lac5q/creative-ads-repository/raw/main/video_creatives/HoliFrog_23850451991760701_video_NEW_Utopia_Microflora_Toner_2022-05-19-cb61a0d1f33db5ac1fe05.jpg"" -o ""HoliFrog_23850451991760701_video_NEW_Utopia_Microflora_Toner_2022-05-19-cb61a0d1f33db5ac1fe05.jpg""",4.28,video_creatives,2025-06-25
HoliFrog_23850493386930701_image_Special_Value_-_The_Ultimate_Comfort_Combo_2022-05-25-fdfdd2.jpg,HoliFrog,HoliFrog,23850408605440701,Image,⭐ Fresh Download,Medium,https://github.com/lac5q/creative-ads-repository/raw/main/video_creatives/HoliFrog_23850493386930701_image_Special_Value_-_The_Ultimate_Comfort_Combo_2022-05-25-fdfdd2.jpg,https://github.com/lac5q/creative-ads-repository/blob/main/video_creatives/HoliFrog_23850493386930701_image_Special_Value_-_The_Ultimate_Comfort_Combo_2022-05-25-fdfdd2.jpg,Active,Unknown,Fresh download 2025-06-25 - Fresh download on 2025-06-25,"curl -L ""https://github.com/lac5q/creative-ads-repository/raw/main/video_creatives/HoliFrog_23850493386930701_image_Special_Value_-_The_Ultimate_Comfort_Combo_2022-05-25-fdfdd2.jpg"" -o ""HoliFrog_23850493386930701_image_Special_Value_-_The_Ultimate_Comfort_Combo_2022-05-25-fdfdd2.jpg""",91.5,video_creatives,2025-06-25
HoliFrog_23850408542650701_video_NEW_Utopia_Microflora_Toner_2022-05-13-24b07265a9435d15f34c5.jpg,HoliFrog,HoliFrog,23850408315600701,Video,⭐ Fresh Download,Medium,https://github.com/lac5q/creative-ads-repository/raw/main/video_creatives/HoliFrog_23850408542650701_video_NEW_Utopia_Microflora_Toner_2022-05-13-24b07265a9435d15f34c5.jpg,https://github.com/lac5q/creative-ads-repository/blob/main/video_creatives/HoliFrog_23850408542650701_video_NEW_Utopia_Microflora_Toner_2022-05-13-24b07265a9435d15f34c5.jpg,Active,Unknown,Fresh download 2025-06-25 - Fresh download on 2025-06-25,"curl -L ""https://github.com/lac5q/creative-ads-repository/raw/main/video_creatives/HoliFrog_23850408542650701_video_NEW_Utopia_Microflora_Toner_2022-05-13-24b07265a9435d15f34c5.jpg"" -o ""HoliFrog_23850408542650701_video_NEW_Utopia_Microflora_Toner_2022-05-13-24b07265a9435d15f34c5.jpg""",5.79,video_creatives,2025-06-25
HoliFrog_23850451991760701_video_NEW_Utopia_Microflora_Toner_2022-05-19-cb61a0d1f33db5ac1fe05.jpg,HoliFrog,HoliFrog,23850408315600701,Video,⭐ Fresh Download,Medium,https://github.com/lac5q/creative-ads-repository/raw/main/video_creatives/HoliFrog_23850451991760701_video_NEW_Utopia_Microflora_Toner_2022-05-19-cb61a0d1f33db5ac1fe05.jpg,https://github.com/lac5q/creative-ads-repository/blob/main/video_creatives/HoliFrog_23850451991760701_video_NEW_Utopia_Microflora_Toner_2022-05-19-cb61a0d1f33db5ac1fe05.jpg,Active,Unknown,Fresh download 2025-06-25 - Fresh download on 2025-06-25,"curl -L ""https://github.com/lac5q/creative-ads-repository/raw/main/video_creatives/HoliFrog_23850451991760701_video_NEW_Utopia_Microflora_Toner_2022-05-19-cb61a0d1f33db5ac1fe05.jpg"" -o ""HoliFrog_23850451991760701_video_NEW_Utopia_Microflora_Toner_2022-05-19-cb61a0d1f33db5ac1fe05.jpg""",4.28,video_creatives,2025-06-25
HoliFrog_23850493386930701_image_Special_Value_-_The_Ultimate_Comfort_Combo_2022-05-25-fdfdd2.jpg,HoliFrog,HoliFrog,23850408315600701,Image,⭐ Fresh Download,Medium,https://github.com/lac5q/creative-ads-repository/raw/main/video_creatives/HoliFrog_23850493386930701_image_Special_Value_-_The_Ultimate_Comfort_Combo_2022-05-25-fdfdd2.jpg,https://github.com/lac5q/creative-ads-repository/blob/main/video_creatives/HoliFrog_23850493386930701_image_Special_Value_-_The_Ultimate_Comfort_Combo_2022-05-25-fdfdd2.jpg,Active,Unknown,Fresh download 2025-06-25 - Fresh download on 2025-06-25,"curl -L ""https://github.com/lac5q/creative-ads-repository/raw/main/video_creatives/HoliFrog_23850493386930701_image_Special_Value_-_The_Ultimate_Comfort_Combo_2022-05-25-fdfdd2.jpg"" -o ""HoliFrog_23850493386930701_image_Special_Value_-_The_Ultimate_Comfort_Combo_2022-05-25-fdfdd2.jpg""",91.5,video_creatives,2025-06-25
TurnedWizard_23850157385160576_image_Turn_Your_Mom_Into_a_Wizard_2022-03-22-944a29417e7f3258ae32a.jp,TurnedWizard,TurnedWizard,23850157373940576,Image,⭐ Fresh Download,Medium,https://github.com/lac5q/creative-ads-repository/raw/main/image_creatives/TurnedWizard_23850157385160576_image_Turn_Your_Mom_Into_a_Wizard_2022-03-22-944a29417e7f3258ae32a.jpg,https://github.com/lac5q/creative-ads-repository/blob/main/image_creatives/TurnedWizard_23850157385160576_image_Turn_Your_Mom_Into_a_Wizard_2022-03-22-944a29417e7f3258ae32a.jpg,Active,Mother's Day,Fresh download 2025-06-25 - Fresh download on 2025-06-25,"curl -L ""https://github.com/lac5q/creative-ads-repository/raw/main/image_creatives/TurnedWizard_23850157385160576_image_Turn_Your_Mom_Into_a_Wizard_2022-03-22-944a29417e7f3258ae32a.jpg"" -o ""TurnedWizard_23850157385160576_image_Turn_Your_Mom_Into_a_Wizard_2022-03-22-944a29417e7f3258ae32a.jpg""",150.81,image_creatives,2025-06-25
TurnedWizard_23850157385560576_image_Turn_Your_Mom_Into_a_Wizard_2022-03-22-b8c53c6eda684fcc56f6e.jp,TurnedWizard,TurnedWizard,23850157373940576,Image,⭐ Fresh Download,Medium,https://github.com/lac5q/creative-ads-repository/raw/main/image_creatives/TurnedWizard_23850157385560576_image_Turn_Your_Mom_Into_a_Wizard_2022-03-22-b8c53c6eda684fcc56f6e.jpg,https://github.com/lac5q/creative-ads-repository/blob/main/image_creatives/TurnedWizard_23850157385560576_image_Turn_Your_Mom_Into_a_Wizard_2022-03-22-b8c53c6eda684fcc56f6e.jpg,Active,Mother's Day,Fresh download 2025-06-25 - Fresh download on 2025-06-25,"curl -L ""https://github.com/lac5q/creative-ads-repository/raw/main/image_creatives/TurnedWizard_23850157385560576_image_Turn_Your_Mom_Into_a_Wizard_2022-03-22-b8c53c6eda684fcc56f6e.jpg"" -o ""TurnedWizard_23850157385560576_image_Turn_Your_Mom_Into_a_Wizard_2022-03-22-b8c53c6eda684fcc56f6e.jpg""",150.81,image_creatives,2025-06-25
TurnedWizard_23850157385920576_image_Turn_Your_Mom_Into_a_Wizard_2022-03-22-66f09dd3853bbfbb66ee3.jp,TurnedWizard,TurnedWizard,23850157373940576,Image,⭐ Fresh Download,Medium,https://github.com/lac5q/creative-ads-repository/raw/main/image_creatives/TurnedWizard_23850157385920576_image_Turn_Your_Mom_Into_a_Wizard_2022-03-22-66f09dd3853bbfbb66ee3.jpg,https://github.com/lac5q/creative-ads-repository/blob/main/image_creatives/TurnedWizard_23850157385920576_image_Turn_Your_Mom_Into_a_Wizard_2022-03-22-66f09dd3853bbfbb66ee3.jpg,Active,Mother's Day,Fresh download 2025-06-25 - Fresh download on 2025-06-25,"curl -L ""https://github.com/lac5q/creative-ads-repository/raw/main/image_creatives/TurnedWizard_23850157385920576_image_Turn_Your_Mom_Into_a_Wizard_2022-03-22-66f09dd3853bbfbb66ee3.jpg"" -o ""TurnedWizard_23850157385920576_image_Turn_Your_Mom_Into_a_Wizard_2022-03-22-66f09dd3853bbfbb66ee3.jpg""",150.81,image_creatives,2025-06-25
TurnedWizard_23850145455150576_image_The_Perfect_Gift_For_Muggles_2022-03-21-eb674458ec162c2a4468.jp,TurnedWizard,TurnedWizard,23850145439930576,Image,⭐ Fresh Download,Medium,https://github.com/lac5q/creative-ads-repository/raw/main/image_creatives/TurnedWizard_23850145455150576_image_The_Perfect_Gift_For_Muggles_2022-03-21-eb674458ec162c2a4468.jpg,https://github.com/lac5q/creative-ads-repository/blob/main/image_creatives/TurnedWizard_23850145455150576_image_The_Perfect_Gift_For_Muggles_2022-03-21-eb674458ec162c2a4468.jpg,Active,Gift/Surprise,Fresh download 2025-06-25 - Fresh download on 2025-06-25,"curl -L ""https://github.com/lac5q/creative-ads-repository/raw/main/image_creatives/TurnedWizard_23850145455150576_image_The_Perfect_Gift_For_Muggles_2022-03-21-eb674458ec162c2a4468.jpg"" -o ""TurnedWizard_23850145455150576_image_The_Perfect_Gift_For_Muggles_2022-03-21-eb674458ec162c2a4468.jpg""",271.12,image_creatives,2025-06-25
TurnedWizard_23850145454230576_image_Turn_Your_Child_Into_a_Witch_Wizard_2022-03-21-b6fafd8536a0a.jp,TurnedWizard,TurnedWizard,23850145439930576,Image,⭐ Fresh Download,Medium,https://github.com/lac5q/creative-ads-repository/raw/main/image_creatives/TurnedWizard_23850145454230576_image_Turn_Your_Child_Into_a_Witch_Wizard_2022-03-21-b6fafd8536a0a.jpg,https://github.com/lac5q/creative-ads-repository/blob/main/image_creatives/TurnedWizard_23850145454230576_image_Turn_Your_Child_Into_a_Witch_Wizard_2022-03-21-b6fafd8536a0a.jpg,Active,Unknown,Fresh download 2025-06-25 - Fresh download on 2025-06-25,"curl -L ""https://github.com/lac5q/creative-ads-repository/raw/main/image_creatives/TurnedWizard_23850145454230576_image_Turn_Your_Child_Into_a_Witch_Wizard_2022-03-21-b6fafd8536a0a.jpg"" -o ""TurnedWizard_23850145454230576_image_Turn_Your_Child_Into_a_Witch_Wizard_2022-03-21-b6fafd8536a0a.jpg""",355.98,image_creatives,2025-06-25
TurnedWizard_23850145454730576_image_The_Perfect_Gift_For_Muggles_2022-03-21-277d8fec620e31118615.jp,TurnedWizard,TurnedWizard,23850145439930576,Image,⭐ Fresh Download,Medium,https://github.com/lac5q/creative-ads-repository/raw/main/image_creatives/TurnedWizard_23850145454730576_image_The_Perfect_Gift_For_Muggles_2022-03-21-277d8fec620e31118615.jpg,https://github.com/lac5q/creative-ads-repository/blob/main/image_creatives/TurnedWizard_23850145454730576_image_The_Perfect_Gift_For_Muggles_2022-03-21-277d8fec620e31118615.jpg,Active,Gift/Surprise,Fresh download 2025-06-25 - Fresh download on 2025-06-25,"curl -L ""https://github.com/lac5q/creative-ads-repository/raw/main/image_creatives/TurnedWizard_23850145454730576_image_The_Perfect_Gift_For_Muggles_2022-03-21-277d8fec620e31118615.jpg"" -o ""TurnedWizard_23850145454730576_image_The_Perfect_Gift_For_Muggles_2022-03-21-277d8fec620e31118615.jpg""",271.12,image_creatives,2025-06-25
TurnedWizard_23850145454810576_image_Turn_Your_Child_Into_a_Witch_Wizard_2022-03-21-1edd0ef993df7.jp,TurnedWizard,TurnedWizard,23850145439930576,Image,⭐ Fresh Download,Medium,https://github.com/lac5q/creative-ads-repository/raw/main/image_creatives/TurnedWizard_23850145454810576_image_Turn_Your_Child_Into_a_Witch_Wizard_2022-03-21-1edd0ef993df7.jpg,https://github.com/lac5q/creative-ads-repository/blob/main/image_creatives/TurnedWizard_23850145454810576_image_Turn_Your_Child_Into_a_Witch_Wizard_2022-03-21-1edd0ef993df7.jpg,Active,Unknown,Fresh download 2025-06-25 - Fresh download on 2025-06-25,"curl -L ""https://github.com/lac5q/creative-ads-repository/raw/main/image_creatives/TurnedWizard_23850145454810576_image_Turn_Your_Child_Into_a_Witch_Wizard_2022-03-21-1edd0ef993df7.jpg"" -o ""TurnedWizard_23850145454810576_image_Turn_Your_Child_Into_a_Witch_Wizard_2022-03-21-1edd0ef993df7.jpg""",355.98,image_creatives,2025-06-25
TurnedWizard_23850145458750576_image_The_Perfect_Gift_For_Muggles_2022-03-21-de55e5be85484c852c43.jp,TurnedWizard,TurnedWizard,23850145439930576,Image,⭐ Fresh Download,Medium,https://github.com/lac5q/creative-ads-repository/raw/main/image_creatives/TurnedWizard_23850145458750576_image_The_Perfect_Gift_For_Muggles_2022-03-21-de55e5be85484c852c43.jpg,https://github.com/lac5q/creative-ads-repository/blob/main/image_creatives/TurnedWizard_23850145458750576_image_The_Perfect_Gift_For_Muggles_2022-03-21-de55e5be85484c852c43.jpg,Active,Gift/Surprise,Fresh download 2025-06-25 - Fresh download on 2025-06-25,"curl -L ""https://github.com/lac5q/creative-ads-repository/raw/main/image_creatives/TurnedWizard_23850145458750576_image_The_Perfect_Gift_For_Muggles_2022-03-21-de55e5be85484c852c43.jpg"" -o ""TurnedWizard_23850145458750576_image_The_Perfect_Gift_For_Muggles_2022-03-21-de55e5be85484c852c43.jpg""",271.12,image_creatives,2025-06-25
TurnedWizard_23850145457130576_image_The_Perfect_Gift_For_Muggles_2022-03-21-4feba38a571422cf1cf9.jp,TurnedWizard,TurnedWizard,23850145439930576,Image,⭐ Fresh Download,Medium,https://github.com/lac5q/creative-ads-repository/raw/main/image_creatives/TurnedWizard_23850145457130576_image_The_Perfect_Gift_For_Muggles_2022-03-21-4feba38a571422cf1cf9.jpg,https://github.com/lac5q/creative-ads-repository/blob/main/image_creatives/TurnedWizard_23850145457130576_image_The_Perfect_Gift_For_Muggles_2022-03-21-4feba38a571422cf1cf9.jpg,Active,Gift/Surprise,Fresh download 2025-06-25 - Fresh download on 2025-06-25,"curl -L ""https://github.com/lac5q/creative-ads-repository/raw/main/image_creatives/TurnedWizard_23850145457130576_image_The_Perfect_Gift_For_Muggles_2022-03-21-4feba38a571422cf1cf9.jpg"" -o ""TurnedWizard_23850145457130576_image_The_Perfect_Gift_For_Muggles_2022-03-21-4feba38a571422cf1cf9.jpg""",271.12,image_creatives,2025-06-25
TurnedWizard_23850145457310576_image_Turn_Your_Child_Into_a_Witch_Wizard_2022-03-21-ba56db9ecddcb.jp,TurnedWizard,TurnedWizard,23850145439930576,Image,⭐ Fresh Download,Medium,https://github.com/lac5q/creative-ads-repository/raw/main/image_creatives/TurnedWizard_23850145457310576_image_Turn_Your_Child_Into_a_Witch_Wizard_2022-03-21-ba56db9ecddcb.jpg,https://github.com/lac5q/creative-ads-repository/blob/main/image_creatives/TurnedWizard_23850145457310576_image_Turn_Your_Child_Into_a_Witch_Wizard_2022-03-21-ba56db9ecddcb.jpg,Active,Unknown,Fresh download 2025-06-25 - Fresh download on 2025-06-25,"curl -L ""https://github.com/lac5q/creative-ads-repository/raw/main/image_creatives/TurnedWizard_23850145457310576_image_Turn_Your_Child_Into_a_Witch_Wizard_2022-03-21-ba56db9ecddcb.jpg"" -o ""TurnedWizard_23850145457310576_image_Turn_Your_Child_Into_a_Witch_Wizard_2022-03-21-ba56db9ecddcb.jpg""",355.98,image_creatives,2025-06-25
TurnedWizard_23850145458860576_image_Turn_Your_Child_Into_a_Witch_Wizard_2022-03-21-033cd09161379.jp,TurnedWizard,TurnedWizard,23850145439930576,Image,⭐ Fresh Download,Medium,https://github.com/lac5q/creative-ads-repository/raw/main/image_creatives/TurnedWizard_23850145458860576_image_Turn_Your_Child_Into_a_Witch_Wizard_2022-03-21-033cd09161379.jpg,https://github.com/lac5q/creative-ads-repository/blob/main/image_creatives/TurnedWizard_23850145458860576_image_Turn_Your_Child_Into_a_Witch_Wizard_2022-03-21-033cd09161379.jpg,Active,Unknown,Fresh download 2025-06-25 - Fresh download on 2025-06-25,"curl -L ""https://github.com/lac5q/creative-ads-repository/raw/main/image_creatives/TurnedWizard_23850145458860576_image_Turn_Your_Child_Into_a_Witch_Wizard_2022-03-21-033cd09161379.jpg"" -o ""TurnedWizard_23850145458860576_image_Turn_Your_Child_Into_a_Witch_Wizard_2022-03-21-033cd09161379.jpg""",355.98,image_creatives,2025-06-25
TurnedWizard_23850145454690576_image_Turn_Your_Child_Into_a_Witch_Wizard_2022-03-21-46ba1a5b72766.jp,TurnedWizard,TurnedWizard,23850145439930576,Image,⭐ Fresh Download,Medium,https://github.com/lac5q/creative-ads-repository/raw/main/image_creatives/TurnedWizard_23850145454690576_image_Turn_Your_Child_Into_a_Witch_Wizard_2022-03-21-46ba1a5b72766.jpg,https://github.com/lac5q/creative-ads-repository/blob/main/image_creatives/TurnedWizard_23850145454690576_image_Turn_Your_Child_Into_a_Witch_Wizard_2022-03-21-46ba1a5b72766.jpg,Active,Unknown,Fresh download 2025-06-25 - Fresh download on 2025-06-25,"curl -L ""https://github.com/lac5q/creative-ads-repository/raw/main/image_creatives/TurnedWizard_23850145454690576_image_Turn_Your_Child_Into_a_Witch_Wizard_2022-03-21-46ba1a5b72766.jpg"" -o ""TurnedWizard_23850145454690576_image_Turn_Your_Child_Into_a_Witch_Wizard_2022-03-21-46ba1a5b72766.jpg""",355.98,image_creatives,2025-06-25
TurnedWizard_23850145453330576_image_Turn_Your_Child_Into_a_Witch_Wizard_2022-03-21-6805c9420b130.jp,TurnedWizard,TurnedWizard,23850145439930576,Image,⭐ Fresh Download,Medium,https://github.com/lac5q/creative-ads-repository/raw/main/image_creatives/TurnedWizard_23850145453330576_image_Turn_Your_Child_Into_a_Witch_Wizard_2022-03-21-6805c9420b130.jpg,https://github.com/lac5q/creative-ads-repository/blob/main/image_creatives/TurnedWizard_23850145453330576_image_Turn_Your_Child_Into_a_Witch_Wizard_2022-03-21-6805c9420b130.jpg,Active,Unknown,Fresh download 2025-06-25 - Fresh download on 2025-06-25,"curl -L ""https://github.com/lac5q/creative-ads-repository/raw/main/image_creatives/TurnedWizard_23850145453330576_image_Turn_Your_Child_Into_a_Witch_Wizard_2022-03-21-6805c9420b130.jpg"" -o ""TurnedWizard_23850145453330576_image_Turn_Your_Child_Into_a_Witch_Wizard_2022-03-21-6805c9420b130.jpg""",355.98,image_creatives,2025-06-25
TurnedWizard_23850145455180576_image_The_Perfect_Gift_For_Muggles_2022-03-21-368394aa2d709d94acf2.jp,TurnedWizard,TurnedWizard,23850145439930576,Image,⭐ Fresh Download,Medium,https://github.com/lac5q/creative-ads-repository/raw/main/image_creatives/TurnedWizard_23850145455180576_image_The_Perfect_Gift_For_Muggles_2022-03-21-368394aa2d709d94acf2.jpg,https://github.com/lac5q/creative-ads-repository/blob/main/image_creatives/TurnedWizard_23850145455180576_image_The_Perfect_Gift_For_Muggles_2022-03-21-368394aa2d709d94acf2.jpg,Active,Gift/Surprise,Fresh download 2025-06-25 - Fresh download on 2025-06-25,"curl -L ""https://github.com/lac5q/creative-ads-repository/raw/main/image_creatives/TurnedWizard_23850145455180576_image_The_Perfect_Gift_For_Muggles_2022-03-21-368394aa2d709d94acf2.jpg"" -o ""TurnedWizard_23850145455180576_image_The_Perfect_Gift_For_Muggles_2022-03-21-368394aa2d709d94acf2.jpg""",271.12,image_creatives,2025-06-25
TurnedWizard_23850145454710576_image_The_Perfect_Gift_For_Muggles_2022-03-21-77cc5a7945deb13439b9.jp,TurnedWizard,TurnedWizard,23850145439930576,Image,⭐ Fresh Download,Medium,https://github.com/lac5q/creative-ads-repository/raw/main/image_creatives/TurnedWizard_23850145454710576_image_The_Perfect_Gift_For_Muggles_2022-03-21-77cc5a7945deb13439b9.jpg,https://github.com/lac5q/creative-ads-repository/blob/main/image_creatives/TurnedWizard_23850145454710576_image_The_Perfect_Gift_For_Muggles_2022-03-21-77cc5a7945deb13439b9.jpg,Active,Gift/Surprise,Fresh download 2025-06-25 - Fresh download on 2025-06-25,"curl -L ""https://github.com/lac5q/creative-ads-repository/raw/main/image_creatives/TurnedWizard_23850145454710576_image_The_Perfect_Gift_For_Muggles_2022-03-21-77cc5a7945deb13439b9.jpg"" -o ""TurnedWizard_23850145454710576_image_The_Perfect_Gift_For_Muggles_2022-03-21-77cc5a7945deb13439b9.jpg""",271.12,image_creatives,2025-06-25
TurnedWizard_23850145438550576_image_The_Perfect_Gift_For_Muggles_2022-03-21-23e7bc85231dbd3d8696.jp,TurnedWizard,TurnedWizard,23850145424170576,Image,⭐ Fresh Download,Medium,https://github.com/lac5q/creative-ads-repository/raw/main/image_creatives/TurnedWizard_23850145438550576_image_The_Perfect_Gift_For_Muggles_2022-03-21-23e7bc85231dbd3d8696.jpg,https://github.com/lac5q/creative-ads-repository/blob/main/image_creatives/TurnedWizard_23850145438550576_image_The_Perfect_Gift_For_Muggles_2022-03-21-23e7bc85231dbd3d8696.jpg,Active,Gift/Surprise,Fresh download 2025-06-25 - Fresh download on 2025-06-25,"curl -L ""https://github.com/lac5q/creative-ads-repository/raw/main/image_creatives/TurnedWizard_23850145438550576_image_The_Perfect_Gift_For_Muggles_2022-03-21-23e7bc85231dbd3d8696.jpg"" -o ""TurnedWizard_23850145438550576_image_The_Perfect_Gift_For_Muggles_2022-03-21-23e7bc85231dbd3d8696.jpg""",271.12,image_creatives,2025-06-25
TurnedWizard_23850145437870576_image_The_Perfect_Gift_For_Muggles_2022-03-21-5ab247a28bb887efcc84.jp,TurnedWizard,TurnedWizard,23850145424170576,Image,⭐ Fresh Download,Medium,https://github.com/lac5q/creative-ads-repository/raw/main/image_creatives/TurnedWizard_23850145437870576_image_The_Perfect_Gift_For_Muggles_2022-03-21-5ab247a28bb887efcc84.jpg,https://github.com/lac5q/creative-ads-repository/blob/main/image_creatives/TurnedWizard_23850145437870576_image_The_Perfect_Gift_For_Muggles_2022-03-21-5ab247a28bb887efcc84.jpg,Active,Gift/Surprise,Fresh download 2025-06-25 - Fresh download on 2025-06-25,"curl -L ""https://github.com/lac5q/creative-ads-repository/raw/main/image_creatives/TurnedWizard_23850145437870576_image_The_Perfect_Gift_For_Muggles_2022-03-21-5ab247a28bb887efcc84.jpg"" -o ""TurnedWizard_23850145437870576_image_The_Perfect_Gift_For_Muggles_2022-03-21-5ab247a28bb887efcc84.jpg""",271.12,image_creatives,2025-06-25
TurnedWizard_23849987094670576_video_The_Perfect_Gift_For_Muggles_2022-02-28-e0e823847ba522c36e94.jp,TurnedWizard,TurnedWizard,23849987085620576,Video,⭐ Fresh Download,Medium,https://github.com/lac5q/creative-ads-repository/raw/main/image_creatives/TurnedWizard_23849987094670576_video_The_Perfect_Gift_For_Muggles_2022-02-28-e0e823847ba522c36e94.jpg,https://github.com/lac5q/creative-ads-repository/blob/main/image_creatives/TurnedWizard_23849987094670576_video_The_Perfect_Gift_For_Muggles_2022-02-28-e0e823847ba522c36e94.jpg,Active,Gift/Surprise,Fresh download 2025-06-25 - Fresh download on 2025-06-25,"curl -L ""https://github.com/lac5q/creative-ads-repository/raw/main/image_creatives/TurnedWizard_23849987094670576_video_The_Perfect_Gift_For_Muggles_2022-02-28-e0e823847ba522c36e94.jpg"" -o ""TurnedWizard_23849987094670576_video_The_Perfect_Gift_For_Muggles_2022-02-28-e0e823847ba522c36e94.jpg""",7.51,image_creatives,2025-06-25
TurnedWizard_23849987094610576_image_Turn_Your_Child_Into_a_Witch_Wizard_2022-02-28-4c42f0d7134ba.jp,TurnedWizard,TurnedWizard,23849987085620576,Image,⭐ Fresh Download,Medium,https://github.com/lac5q/creative-ads-repository/raw/main/image_creatives/TurnedWizard_23849987094610576_image_Turn_Your_Child_Into_a_Witch_Wizard_2022-02-28-4c42f0d7134ba.jpg,https://github.com/lac5q/creative-ads-repository/blob/main/image_creatives/TurnedWizard_23849987094610576_image_Turn_Your_Child_Into_a_Witch_Wizard_2022-02-28-4c42f0d7134ba.jpg,Active,Unknown,Fresh download 2025-06-25 - Fresh download on 2025-06-25,"curl -L ""https://github.com/lac5q/creative-ads-repository/raw/main/image_creatives/TurnedWizard_23849987094610576_image_Turn_Your_Child_Into_a_Witch_Wizard_2022-02-28-4c42f0d7134ba.jpg"" -o ""TurnedWizard_23849987094610576_image_Turn_Your_Child_Into_a_Witch_Wizard_2022-02-28-4c42f0d7134ba.jpg""",246.73,image_creatives,2025-06-25
TurnedWizard_23849987095740576_video_The_Perfect_Gift_For_Muggles_2022-02-28-62a6633618074e06cf88.jp,TurnedWizard,TurnedWizard,23849987085620576,Video,⭐ Fresh Download,Medium,https://github.com/lac5q/creative-ads-repository/raw/main/image_creatives/TurnedWizard_23849987095740576_video_The_Perfect_Gift_For_Muggles_2022-02-28-62a6633618074e06cf88.jpg,https://github.com/lac5q/creative-ads-repository/blob/main/image_creatives/TurnedWizard_23849987095740576_video_The_Perfect_Gift_For_Muggles_2022-02-28-62a6633618074e06cf88.jpg,Active,Gift/Surprise,Fresh download 2025-06-25 - Fresh download on 2025-06-25,"curl -L ""https://github.com/lac5q/creative-ads-repository/raw/main/image_creatives/TurnedWizard_23849987095740576_video_The_Perfect_Gift_For_Muggles_2022-02-28-62a6633618074e06cf88.jpg"" -o ""TurnedWizard_23849987095740576_video_The_Perfect_Gift_For_Muggles_2022-02-28-62a6633618074e06cf88.jpg""",7.51,image_creatives,2025-06-25
TurnedYellow_AUD_680731748202189_video_Bigfoot_s_Jungle_Adventures_____bigfoot_vlogging_comedy_jung.,TurnedYellow_AUD,TurnedYellow_AUD,6852693905435,Video,⭐ Fresh Download,Medium,https://github.com/lac5q/creative-ads-repository/raw/main/archive_creatives/TurnedYellow_AUD_680731748202189_video_Bigfoot_s_Jungle_Adventures_____bigfoot_vlogging_comedy_jung.jpg,https://github.com/lac5q/creative-ads-repository/blob/main/archive_creatives/TurnedYellow_AUD_680731748202189_video_Bigfoot_s_Jungle_Adventures_____bigfoot_vlogging_comedy_jung.jpg,Active,Unknown,Fresh download 2025-06-25 - Fresh download on 2025-06-25,"curl -L ""https://github.com/lac5q/creative-ads-repository/raw/main/archive_creatives/TurnedYellow_AUD_680731748202189_video_Bigfoot_s_Jungle_Adventures_____bigfoot_vlogging_comedy_jung.jpg"" -o ""TurnedYellow_AUD_680731748202189_video_Bigfoot_s_Jungle_Adventures_____bigfoot_vlogging_comedy_jung.jpg""",10.6,archive_creatives,2025-06-25
TurnedYellow_AUD_6257039435835_video_Transform_Yourself_Into_A_Cartoon_Character__2021-06-21-e35a.jp,TurnedYellow_AUD,TurnedYellow_AUD,6292349008835,Video,⭐ Fresh Download,Medium,https://github.com/lac5q/creative-ads-repository/raw/main/archive_creatives/TurnedYellow_AUD_6257039435835_video_Transform_Yourself_Into_A_Cartoon_Character__2021-06-21-e35a.jpg,https://github.com/lac5q/creative-ads-repository/blob/main/archive_creatives/TurnedYellow_AUD_6257039435835_video_Transform_Yourself_Into_A_Cartoon_Character__2021-06-21-e35a.jpg,Active,Unknown,Fresh download 2025-06-25 - Fresh download on 2025-06-25,"curl -L ""https://github.com/lac5q/creative-ads-repository/raw/main/archive_creatives/TurnedYellow_AUD_6257039435835_video_Transform_Yourself_Into_A_Cartoon_Character__2021-06-21-e35a.jpg"" -o ""TurnedYellow_AUD_6257039435835_video_Transform_Yourself_Into_A_Cartoon_Character__2021-06-21-e35a.jpg""",7.54,archive_creatives,2025-06-25
TurnedYellow_AUD_6257039435835_video_Transform_Yourself_Into_A_Cartoon_Character__2021-06-21-e35a.jp,TurnedYellow_AUD,TurnedYellow_AUD,6292349008835,Video,⭐ Fresh Download,Medium,https://github.com/lac5q/creative-ads-repository/raw/main/archive_creatives/TurnedYellow_AUD_6257039435835_video_Transform_Yourself_Into_A_Cartoon_Character__2021-06-21-e35a.jpg,https://github.com/lac5q/creative-ads-repository/blob/main/archive_creatives/TurnedYellow_AUD_6257039435835_video_Transform_Yourself_Into_A_Cartoon_Character__2021-06-21-e35a.jpg,Active,Unknown,Fresh download 2025-06-25 - Fresh download on 2025-06-25,"curl -L ""https://github.com/lac5q/creative-ads-repository/raw/main/archive_creatives/TurnedYellow_AUD_6257039435835_video_Transform_Yourself_Into_A_Cartoon_Character__2021-06-21-e35a.jpg"" -o ""TurnedYellow_AUD_6257039435835_video_Transform_Yourself_Into_A_Cartoon_Character__2021-06-21-e35a.jpg""",7.54,archive_creatives,2025-06-25
TurnedYellow_AUD_6257039435835_video_Transform_Yourself_Into_A_Cartoon_Character__2021-06-21-e35a.jp,TurnedYellow_AUD,TurnedYellow_AUD,6257270858635,Video,⭐ Fresh Download,Medium,https://github.com/lac5q/creative-ads-repository/raw/main/archive_creatives/TurnedYellow_AUD_6257039435835_video_Transform_Yourself_Into_A_Cartoon_Character__2021-06-21-e35a.jpg,https://github.com/lac5q/creative-ads-repository/blob/main/archive_creatives/TurnedYellow_AUD_6257039435835_video_Transform_Yourself_Into_A_Cartoon_Character__2021-06-21-e35a.jpg,Active,Unknown,Fresh download 2025-06-25 - Fresh download on 2025-06-25,"curl -L ""https://github.com/lac5q/creative-ads-repository/raw/main/archive_creatives/TurnedYellow_AUD_6257039435835_video_Transform_Yourself_Into_A_Cartoon_Character__2021-06-21-e35a.jpg"" -o ""TurnedYellow_AUD_6257039435835_video_Transform_Yourself_Into_A_Cartoon_Character__2021-06-21-e35a.jpg""",7.54,archive_creatives,2025-06-25
TurnedYellow_AUD_6257039435835_video_Transform_Yourself_Into_A_Cartoon_Character__2021-06-21-e35a.jp,TurnedYellow_AUD,TurnedYellow_AUD,6257270858635,Video,⭐ Fresh Download,Medium,https://github.com/lac5q/creative-ads-repository/raw/main/archive_creatives/TurnedYellow_AUD_6257039435835_video_Transform_Yourself_Into_A_Cartoon_Character__2021-06-21-e35a.jpg,https://github.com/lac5q/creative-ads-repository/blob/main/archive_creatives/TurnedYellow_AUD_6257039435835_video_Transform_Yourself_Into_A_Cartoon_Character__2021-06-21-e35a.jpg,Active,Unknown,Fresh download 2025-06-25 - Fresh download on 2025-06-25,"curl -L ""https://github.com/lac5q/creative-ads-repository/raw/main/archive_creatives/TurnedYellow_AUD_6257039435835_video_Transform_Yourself_Into_A_Cartoon_Character__2021-06-21-e35a.jpg"" -o ""TurnedYellow_AUD_6257039435835_video_Transform_Yourself_Into_A_Cartoon_Character__2021-06-21-e35a.jpg""",7.54,archive_creatives,2025-06-25
TurnedYellow_AUD_6256860055435_video_Surprise_Your_Loved_Ones_with_THIS__2021-06-19-d3188103c19fc.jp,TurnedYellow_AUD,TurnedYellow_AUD,6257038973435,Video,⭐ Fresh Download,Medium,https://github.com/lac5q/creative-ads-repository/raw/main/archive_creatives/TurnedYellow_AUD_6256860055435_video_Surprise_Your_Loved_Ones_with_THIS__2021-06-19-d3188103c19fc.jpg,https://github.com/lac5q/creative-ads-repository/blob/main/archive_creatives/TurnedYellow_AUD_6256860055435_video_Surprise_Your_Loved_Ones_with_THIS__2021-06-19-d3188103c19fc.jpg,Active,Gift/Surprise,Fresh download 2025-06-25 - Fresh download on 2025-06-25,"curl -L ""https://github.com/lac5q/creative-ads-repository/raw/main/archive_creatives/TurnedYellow_AUD_6256860055435_video_Surprise_Your_Loved_Ones_with_THIS__2021-06-19-d3188103c19fc.jpg"" -o ""TurnedYellow_AUD_6256860055435_video_Surprise_Your_Loved_Ones_with_THIS__2021-06-19-d3188103c19fc.jpg""",6.14,archive_creatives,2025-06-25
TurnedYellow_AUD_6256860055435_video_Surprise_Your_Loved_Ones_with_THIS__2021-06-19-d3188103c19fc.jp,TurnedYellow_AUD,TurnedYellow_AUD,6257038973435,Video,⭐ Fresh Download,Medium,https://github.com/lac5q/creative-ads-repository/raw/main/archive_creatives/TurnedYellow_AUD_6256860055435_video_Surprise_Your_Loved_Ones_with_THIS__2021-06-19-d3188103c19fc.jpg,https://github.com/lac5q/creative-ads-repository/blob/main/archive_creatives/TurnedYellow_AUD_6256860055435_video_Surprise_Your_Loved_Ones_with_THIS__2021-06-19-d3188103c19fc.jpg,Active,Gift/Surprise,Fresh download 2025-06-25 - Fresh download on 2025-06-25,"curl -L ""https://github.com/lac5q/creative-ads-repository/raw/main/archive_creatives/TurnedYellow_AUD_6256860055435_video_Surprise_Your_Loved_Ones_with_THIS__2021-06-19-d3188103c19fc.jpg"" -o ""TurnedYellow_AUD_6256860055435_video_Surprise_Your_Loved_Ones_with_THIS__2021-06-19-d3188103c19fc.jpg""",6.14,archive_creatives,2025-06-25
TurnedYellow_AUD_6257039435835_video_Transform_Yourself_Into_A_Cartoon_Character__2021-06-21-e35a.jp,TurnedYellow_AUD,TurnedYellow_AUD,6257038973435,Video,⭐ Fresh Download,Medium,https://github.com/lac5q/creative-ads-repository/raw/main/archive_creatives/TurnedYellow_AUD_6257039435835_video_Transform_Yourself_Into_A_Cartoon_Character__2021-06-21-e35a.jpg,https://github.com/lac5q/creative-ads-repository/blob/main/archive_creatives/TurnedYellow_AUD_6257039435835_video_Transform_Yourself_Into_A_Cartoon_Character__2021-06-21-e35a.jpg,Active,Unknown,Fresh download 2025-06-25 - Fresh download on 2025-06-25,"curl -L ""https://github.com/lac5q/creative-ads-repository/raw/main/archive_creatives/TurnedYellow_AUD_6257039435835_video_Transform_Yourself_Into_A_Cartoon_Character__2021-06-21-e35a.jpg"" -o ""TurnedYellow_AUD_6257039435835_video_Transform_Yourself_Into_A_Cartoon_Character__2021-06-21-e35a.jpg""",7.54,archive_creatives,2025-06-25
TurnedYellow_AUD_6257039436235_video_Transform_Yourself_Into_A_Cartoon_Character__2021-06-21-e685.jp,TurnedYellow_AUD,TurnedYellow_AUD,6257038973435,Video,⭐ Fresh Download,Medium,https://github.com/lac5q/creative-ads-repository/raw/main/archive_creatives/TurnedYellow_AUD_6257039436235_video_Transform_Yourself_Into_A_Cartoon_Character__2021-06-21-e685.jpg,https://github.com/lac5q/creative-ads-repository/blob/main/archive_creatives/TurnedYellow_AUD_6257039436235_video_Transform_Yourself_Into_A_Cartoon_Character__2021-06-21-e685.jpg,Active,Unknown,Fresh download 2025-06-25 - Fresh download on 2025-06-25,"curl -L ""https://github.com/lac5q/creative-ads-repository/raw/main/archive_creatives/TurnedYellow_AUD_6257039436235_video_Transform_Yourself_Into_A_Cartoon_Character__2021-06-21-e685.jpg"" -o ""TurnedYellow_AUD_6257039436235_video_Transform_Yourself_Into_A_Cartoon_Character__2021-06-21-e685.jpg""",7.54,archive_creatives,2025-06-25
TurnedYellow_AUD_6257039436035_video_Transform_Yourself_Into_A_Cartoon_Character__2021-06-21-e6f1.jp,TurnedYellow_AUD,TurnedYellow_AUD,6257038973435,Video,⭐ Fresh Download,Medium,https://github.com/lac5q/creative-ads-repository/raw/main/archive_creatives/TurnedYellow_AUD_6257039436035_video_Transform_Yourself_Into_A_Cartoon_Character__2021-06-21-e6f1.jpg,https://github.com/lac5q/creative-ads-repository/blob/main/archive_creatives/TurnedYellow_AUD_6257039436035_video_Transform_Yourself_Into_A_Cartoon_Character__2021-06-21-e6f1.jpg,Active,Unknown,Fresh download 2025-06-25 - Fresh download on 2025-06-25,"curl -L ""https://github.com/lac5q/creative-ads-repository/raw/main/archive_creatives/TurnedYellow_AUD_6257039436035_video_Transform_Yourself_Into_A_Cartoon_Character__2021-06-21-e6f1.jpg"" -o ""TurnedYellow_AUD_6257039436035_video_Transform_Yourself_Into_A_Cartoon_Character__2021-06-21-e6f1.jpg""",7.54,archive_creatives,2025-06-25
