Name,Brand,Creative_Type,Performance_Tier,Campaign_ID,File_Size_KB,Created_Date,Days_Ago,Directory_Source,GitHub_Download_Link,GitHub_View_Link,File_Type,Quality_Priority,Notes
USD_TurnedYellow_1602031767130531_video_This_Father_s_Day_Turn_Dad_Yellow_Up_to_70_Off_2025-06-12-3b.jpg,USD_TurnedYellow,video,,120223458675550108,6.76,2025-06-25,0,hd_ad_creatives,https://github.com/lac5q/creative-ads-repository/raw/main/hd_ad_creatives/USD_TurnedYellow_1602031767130531_video_This_Father_s_Day_Turn_Dad_Yellow_Up_to_70_Off_2025-06-12-3b.jpg,https://github.com/lac5q/creative-ads-repository/blob/main/hd_ad_creatives/USD_TurnedYellow_1602031767130531_video_This_Father_s_Day_Turn_Dad_Yellow_Up_to_70_Off_2025-06-12-3b.jpg,jpg,1,Fresh download on 2025-06-25
USD_TurnedYellow_1005954561528097_video_This_Father_s_Day_Turn_Dad_Yellow_Up_to_70_Off_2025-06-12-f4.jpg,USD_TurnedYellow,video,,120223458675550108,8.67,2025-06-25,0,hd_ad_creatives,https://github.com/lac5q/creative-ads-repository/raw/main/hd_ad_creatives/USD_TurnedYellow_1005954561528097_video_This_Father_s_Day_Turn_Dad_Yellow_Up_to_70_Off_2025-06-12-f4.jpg,https://github.com/lac5q/creative-ads-repository/blob/main/hd_ad_creatives/USD_TurnedYellow_1005954561528097_video_This_Father_s_Day_Turn_Dad_Yellow_Up_to_70_Off_2025-06-12-f4.jpg,jpg,1,Fresh download on 2025-06-25
USD_TurnedYellow_1232598365204446_video_This_Father_s_Day_Turn_Dad_Yellow_Up_to_70_Off_2025-06-11-f6.jpg,USD_TurnedYellow,video,,120223458675550108,9.04,2025-06-25,0,hd_ad_creatives,https://github.com/lac5q/creative-ads-repository/raw/main/hd_ad_creatives/USD_TurnedYellow_1232598365204446_video_This_Father_s_Day_Turn_Dad_Yellow_Up_to_70_Off_2025-06-11-f6.jpg,https://github.com/lac5q/creative-ads-repository/blob/main/hd_ad_creatives/USD_TurnedYellow_1232598365204446_video_This_Father_s_Day_Turn_Dad_Yellow_Up_to_70_Off_2025-06-11-f6.jpg,jpg,1,Fresh download on 2025-06-25
USD_TurnedYellow_1281054330262045_video_This_Father_s_Day_Turn_Dad_Yellow_Up_to_70_Off_2025-06-11-d0.jpg,USD_TurnedYellow,video,,120223458675550108,8.97,2025-06-25,0,hd_ad_creatives,https://github.com/lac5q/creative-ads-repository/raw/main/hd_ad_creatives/USD_TurnedYellow_1281054330262045_video_This_Father_s_Day_Turn_Dad_Yellow_Up_to_70_Off_2025-06-11-d0.jpg,https://github.com/lac5q/creative-ads-repository/blob/main/hd_ad_creatives/USD_TurnedYellow_1281054330262045_video_This_Father_s_Day_Turn_Dad_Yellow_Up_to_70_Off_2025-06-11-d0.jpg,jpg,1,Fresh download on 2025-06-25
USD_TurnedYellow_1419785155685137_video_Dad_s_Hilarious_New_Look_Up_to_70_Off_2025-05-20-2a0a5c227d0.jpg,USD_TurnedYellow,video,,120223458675550108,7.39,2025-06-25,0,hd_ad_creatives,https://github.com/lac5q/creative-ads-repository/raw/main/hd_ad_creatives/USD_TurnedYellow_1419785155685137_video_Dad_s_Hilarious_New_Look_Up_to_70_Off_2025-05-20-2a0a5c227d0.jpg,https://github.com/lac5q/creative-ads-repository/blob/main/hd_ad_creatives/USD_TurnedYellow_1419785155685137_video_Dad_s_Hilarious_New_Look_Up_to_70_Off_2025-05-20-2a0a5c227d0.jpg,jpg,1,Fresh download on 2025-06-25
USD_TurnedYellow_1761282917804254_video_Get_Dad_Laughing_Up_to_70_OFF__2025-05-30-5a2a563bdccb286d79.jpg,USD_TurnedYellow,video,,120223458675550108,9.37,2025-06-25,0,hd_ad_creatives,https://github.com/lac5q/creative-ads-repository/raw/main/hd_ad_creatives/USD_TurnedYellow_1761282917804254_video_Get_Dad_Laughing_Up_to_70_OFF__2025-05-30-5a2a563bdccb286d79.jpg,https://github.com/lac5q/creative-ads-repository/blob/main/hd_ad_creatives/USD_TurnedYellow_1761282917804254_video_Get_Dad_Laughing_Up_to_70_OFF__2025-05-30-5a2a563bdccb286d79.jpg,jpg,1,Fresh download on 2025-06-25
USD_TurnedYellow_2922943441219466_image_Get_Dad_Laughing_Up_to_70_OFF__2025-05-28-8c18ad74e0ff984d3d.jpg,USD_TurnedYellow,image,,120223458675550108,269.48,2025-06-25,0,hd_ad_creatives,https://github.com/lac5q/creative-ads-repository/raw/main/hd_ad_creatives/USD_TurnedYellow_2922943441219466_image_Get_Dad_Laughing_Up_to_70_OFF__2025-05-28-8c18ad74e0ff984d3d.jpg,https://github.com/lac5q/creative-ads-repository/blob/main/hd_ad_creatives/USD_TurnedYellow_2922943441219466_image_Get_Dad_Laughing_Up_to_70_OFF__2025-05-28-8c18ad74e0ff984d3d.jpg,jpg,1,Fresh download on 2025-06-25
USD_TurnedYellow_1744998302722143_video_Dad_s_Hilarious_New_Look_Up_to_70_Off_2025-05-17-8dd4b46e990.jpg,USD_TurnedYellow,video,,120223458675550108,9.52,2025-06-25,0,hd_ad_creatives,https://github.com/lac5q/creative-ads-repository/raw/main/hd_ad_creatives/USD_TurnedYellow_1744998302722143_video_Dad_s_Hilarious_New_Look_Up_to_70_Off_2025-05-17-8dd4b46e990.jpg,https://github.com/lac5q/creative-ads-repository/blob/main/hd_ad_creatives/USD_TurnedYellow_1744998302722143_video_Dad_s_Hilarious_New_Look_Up_to_70_Off_2025-05-17-8dd4b46e990.jpg,jpg,1,Fresh download on 2025-06-25
USD_TurnedYellow_1320707222360470_video_Get_Dad_Laughing_Up_to_70_OFF__2025-05-28-2d1c5349ee12b07678.jpg,USD_TurnedYellow,video,,120223458675550108,7.78,2025-06-25,0,hd_ad_creatives,https://github.com/lac5q/creative-ads-repository/raw/main/hd_ad_creatives/USD_TurnedYellow_1320707222360470_video_Get_Dad_Laughing_Up_to_70_OFF__2025-05-28-2d1c5349ee12b07678.jpg,https://github.com/lac5q/creative-ads-repository/blob/main/hd_ad_creatives/USD_TurnedYellow_1320707222360470_video_Get_Dad_Laughing_Up_to_70_OFF__2025-05-28-2d1c5349ee12b07678.jpg,jpg,1,Fresh download on 2025-06-25
USD_TurnedYellow_739715065387367_video_Get_Dad_Laughing_Up_to_70_OFF__2025-05-30-af2bd3134e80127a9c.jpg,USD_TurnedYellow,video,,120223458675550108,9.37,2025-06-25,0,hd_ad_creatives,https://github.com/lac5q/creative-ads-repository/raw/main/hd_ad_creatives/USD_TurnedYellow_739715065387367_video_Get_Dad_Laughing_Up_to_70_OFF__2025-05-30-af2bd3134e80127a9c.jpg,https://github.com/lac5q/creative-ads-repository/blob/main/hd_ad_creatives/USD_TurnedYellow_739715065387367_video_Get_Dad_Laughing_Up_to_70_OFF__2025-05-30-af2bd3134e80127a9c.jpg,jpg,1,Fresh download on 2025-06-25
USD_TurnedYellow_1210327987494412_image_Get_Dad_Laughing_Up_to_70_OFF__2025-05-28-0e26c5d6210d99e964.jpg,USD_TurnedYellow,image,,120223458675550108,269.48,2025-06-25,0,hd_ad_creatives,https://github.com/lac5q/creative-ads-repository/raw/main/hd_ad_creatives/USD_TurnedYellow_1210327987494412_image_Get_Dad_Laughing_Up_to_70_OFF__2025-05-28-0e26c5d6210d99e964.jpg,https://github.com/lac5q/creative-ads-repository/blob/main/hd_ad_creatives/USD_TurnedYellow_1210327987494412_image_Get_Dad_Laughing_Up_to_70_OFF__2025-05-28-0e26c5d6210d99e964.jpg,jpg,1,Fresh download on 2025-06-25
USD_TurnedYellow_611116684592963_video_Get_Dad_Laughing_Up_to_70_OFF__2025-05-28-5cd1ec047b8e23f653.jpg,USD_TurnedYellow,video,,120223458675550108,8.54,2025-06-25,0,hd_ad_creatives,https://github.com/lac5q/creative-ads-repository/raw/main/hd_ad_creatives/USD_TurnedYellow_611116684592963_video_Get_Dad_Laughing_Up_to_70_OFF__2025-05-28-5cd1ec047b8e23f653.jpg,https://github.com/lac5q/creative-ads-repository/blob/main/hd_ad_creatives/USD_TurnedYellow_611116684592963_video_Get_Dad_Laughing_Up_to_70_OFF__2025-05-28-5cd1ec047b8e23f653.jpg,jpg,1,Fresh download on 2025-06-25
USD_TurnedYellow_3998788930367636_video_Dad_s_Hilarious_New_Look_Up_to_70_Off_2025-05-20-8301f6205a3.jpg,USD_TurnedYellow,video,,120223458675550108,7.39,2025-06-25,0,hd_ad_creatives,https://github.com/lac5q/creative-ads-repository/raw/main/hd_ad_creatives/USD_TurnedYellow_3998788930367636_video_Dad_s_Hilarious_New_Look_Up_to_70_Off_2025-05-20-8301f6205a3.jpg,https://github.com/lac5q/creative-ads-repository/blob/main/hd_ad_creatives/USD_TurnedYellow_3998788930367636_video_Dad_s_Hilarious_New_Look_Up_to_70_Off_2025-05-20-8301f6205a3.jpg,jpg,1,Fresh download on 2025-06-25
USD_TurnedYellow_722462166800755_image_Mom_But_Make_It_Cartoon__2025-05-05-535d3292ffa0a76c72146938.jpg,USD_TurnedYellow,image,,120220287515680108,183.75,2025-06-25,0,hd_ad_creatives,https://github.com/lac5q/creative-ads-repository/raw/main/hd_ad_creatives/USD_TurnedYellow_722462166800755_image_Mom_But_Make_It_Cartoon__2025-05-05-535d3292ffa0a76c72146938.jpg,https://github.com/lac5q/creative-ads-repository/blob/main/hd_ad_creatives/USD_TurnedYellow_722462166800755_image_Mom_But_Make_It_Cartoon__2025-05-05-535d3292ffa0a76c72146938.jpg,jpg,1,Fresh download on 2025-06-25
USD_TurnedYellow_574743688489755_image_Mom_But_Make_It_Cartoon__2025-05-05-126814b5c3bd6543c529e644.jpg,USD_TurnedYellow,image,,120220287515680108,183.75,2025-06-25,0,hd_ad_creatives,https://github.com/lac5q/creative-ads-repository/raw/main/hd_ad_creatives/USD_TurnedYellow_574743688489755_image_Mom_But_Make_It_Cartoon__2025-05-05-126814b5c3bd6543c529e644.jpg,https://github.com/lac5q/creative-ads-repository/blob/main/hd_ad_creatives/USD_TurnedYellow_574743688489755_image_Mom_But_Make_It_Cartoon__2025-05-05-126814b5c3bd6543c529e644.jpg,jpg,1,Fresh download on 2025-06-25
USD_TurnedYellow_1021068956786856_video_Gift_Laughter_This_Easter__2025-04-08-ecb48fbf783dea57df46fc.jpg,USD_TurnedYellow,video,,120219323497630108,9.54,2025-06-25,0,hd_ad_creatives,https://github.com/lac5q/creative-ads-repository/raw/main/hd_ad_creatives/USD_TurnedYellow_1021068956786856_video_Gift_Laughter_This_Easter__2025-04-08-ecb48fbf783dea57df46fc.jpg,https://github.com/lac5q/creative-ads-repository/blob/main/hd_ad_creatives/USD_TurnedYellow_1021068956786856_video_Gift_Laughter_This_Easter__2025-04-08-ecb48fbf783dea57df46fc.jpg,jpg,1,Fresh download on 2025-06-25
USD_TurnedYellow_1568981233768433_image_Gift_Laughter_This_Easter__2025-04-08-b0dd0b930783ee6107a31e.jpg,USD_TurnedYellow,image,,120219323497630108,169.34,2025-06-25,0,hd_ad_creatives,https://github.com/lac5q/creative-ads-repository/raw/main/hd_ad_creatives/USD_TurnedYellow_1568981233768433_image_Gift_Laughter_This_Easter__2025-04-08-b0dd0b930783ee6107a31e.jpg,https://github.com/lac5q/creative-ads-repository/blob/main/hd_ad_creatives/USD_TurnedYellow_1568981233768433_image_Gift_Laughter_This_Easter__2025-04-08-b0dd0b930783ee6107a31e.jpg,jpg,1,Fresh download on 2025-06-25
USD_TurnedYellow_1012217514184189_video_Gift_Laughter_This_Easter__2025-04-08-30ffa5ad24dcb8eba276e2.jpg,USD_TurnedYellow,video,,120219323497630108,6.67,2025-06-25,0,hd_ad_creatives,https://github.com/lac5q/creative-ads-repository/raw/main/hd_ad_creatives/USD_TurnedYellow_1012217514184189_video_Gift_Laughter_This_Easter__2025-04-08-30ffa5ad24dcb8eba276e2.jpg,https://github.com/lac5q/creative-ads-repository/blob/main/hd_ad_creatives/USD_TurnedYellow_1012217514184189_video_Gift_Laughter_This_Easter__2025-04-08-30ffa5ad24dcb8eba276e2.jpg,jpg,1,Fresh download on 2025-06-25
USD_TurnedYellow_1186986756463023_video_Gift_Laughter_This_Easter__2025-04-08-b7eced1d172f9247dc4322.jpg,USD_TurnedYellow,video,,120219323497630108,6.67,2025-06-25,0,hd_ad_creatives,https://github.com/lac5q/creative-ads-repository/raw/main/hd_ad_creatives/USD_TurnedYellow_1186986756463023_video_Gift_Laughter_This_Easter__2025-04-08-b7eced1d172f9247dc4322.jpg,https://github.com/lac5q/creative-ads-repository/blob/main/hd_ad_creatives/USD_TurnedYellow_1186986756463023_video_Gift_Laughter_This_Easter__2025-04-08-b7eced1d172f9247dc4322.jpg,jpg,1,Fresh download on 2025-06-25
USD_TurnedYellow_1116979426391043_image_The_Best_Valentine_s_Day_Gift_2025-01-24-3c72b760d5d4c4b482e.jpg,USD_TurnedYellow,image,,120214341522790108,176.68,2025-06-25,0,hd_ad_creatives,https://github.com/lac5q/creative-ads-repository/raw/main/hd_ad_creatives/USD_TurnedYellow_1116979426391043_image_The_Best_Valentine_s_Day_Gift_2025-01-24-3c72b760d5d4c4b482e.jpg,https://github.com/lac5q/creative-ads-repository/blob/main/hd_ad_creatives/USD_TurnedYellow_1116979426391043_image_The_Best_Valentine_s_Day_Gift_2025-01-24-3c72b760d5d4c4b482e.jpg,jpg,1,Fresh download on 2025-06-25
MakeMeJedi_1212831203681534_video_The_Ultimate_Father_s_Day_Surprise_-_Up_to_70_OFF_2025-06-11.jpg,MakeMeJedi,video,,120226594181200354,7.49,2025-06-25,0,hd_ad_creatives,https://github.com/lac5q/creative-ads-repository/raw/main/hd_ad_creatives/MakeMeJedi_1212831203681534_video_The_Ultimate_Father_s_Day_Surprise_-_Up_to_70_OFF_2025-06-11.jpg,https://github.com/lac5q/creative-ads-repository/blob/main/hd_ad_creatives/MakeMeJedi_1212831203681534_video_The_Ultimate_Father_s_Day_Surprise_-_Up_to_70_OFF_2025-06-11.jpg,jpg,1,Fresh download on 2025-06-25
MakeMeJedi_1518190389590549_video_The_Ultimate_Father_s_Day_Surprise_-_Up_to_70_OFF_2025-06-11.jpg,MakeMeJedi,video,,120226594181200354,8.48,2025-06-25,0,hd_ad_creatives,https://github.com/lac5q/creative-ads-repository/raw/main/hd_ad_creatives/MakeMeJedi_1518190389590549_video_The_Ultimate_Father_s_Day_Surprise_-_Up_to_70_OFF_2025-06-11.jpg,https://github.com/lac5q/creative-ads-repository/blob/main/hd_ad_creatives/MakeMeJedi_1518190389590549_video_The_Ultimate_Father_s_Day_Surprise_-_Up_to_70_OFF_2025-06-11.jpg,jpg,1,Fresh download on 2025-06-25
MakeMeJedi_2432920570441720_video_The_Ultimate_Father_s_Day_Surprise_-_Up_to_70_OFF_2025-06-11.jpg,MakeMeJedi,video,,120226594181200354,7.49,2025-06-25,0,hd_ad_creatives,https://github.com/lac5q/creative-ads-repository/raw/main/hd_ad_creatives/MakeMeJedi_2432920570441720_video_The_Ultimate_Father_s_Day_Surprise_-_Up_to_70_OFF_2025-06-11.jpg,https://github.com/lac5q/creative-ads-repository/blob/main/hd_ad_creatives/MakeMeJedi_2432920570441720_video_The_Ultimate_Father_s_Day_Surprise_-_Up_to_70_OFF_2025-06-11.jpg,jpg,1,Fresh download on 2025-06-25
MakeMeJedi_2429515844075681_video_The_Ultimate_Father_s_Day_Surprise_-_Up_to_70_OFF_2025-06-11.jpg,MakeMeJedi,video,,120226594181200354,8.48,2025-06-25,0,hd_ad_creatives,https://github.com/lac5q/creative-ads-repository/raw/main/hd_ad_creatives/MakeMeJedi_2429515844075681_video_The_Ultimate_Father_s_Day_Surprise_-_Up_to_70_OFF_2025-06-11.jpg,https://github.com/lac5q/creative-ads-repository/blob/main/hd_ad_creatives/MakeMeJedi_2429515844075681_video_The_Ultimate_Father_s_Day_Surprise_-_Up_to_70_OFF_2025-06-11.jpg,jpg,1,Fresh download on 2025-06-25
MakeMeJedi_1048704517352595_video_The_Ultimate_Father_s_Day_Surprise_-_Up_to_70_OFF_2025-06-11.jpg,MakeMeJedi,video,,120226594181200354,7.65,2025-06-25,0,hd_ad_creatives,https://github.com/lac5q/creative-ads-repository/raw/main/hd_ad_creatives/MakeMeJedi_1048704517352595_video_The_Ultimate_Father_s_Day_Surprise_-_Up_to_70_OFF_2025-06-11.jpg,https://github.com/lac5q/creative-ads-repository/blob/main/hd_ad_creatives/MakeMeJedi_1048704517352595_video_The_Ultimate_Father_s_Day_Surprise_-_Up_to_70_OFF_2025-06-11.jpg,jpg,1,Fresh download on 2025-06-25
MakeMeJedi_2511741675866644_video_The_Ultimate_Father_s_Day_Surprise_-_Up_to_70_OFF_2025-06-11.jpg,MakeMeJedi,video,,120226594181200354,10.07,2025-06-25,0,hd_ad_creatives,https://github.com/lac5q/creative-ads-repository/raw/main/hd_ad_creatives/MakeMeJedi_2511741675866644_video_The_Ultimate_Father_s_Day_Surprise_-_Up_to_70_OFF_2025-06-11.jpg,https://github.com/lac5q/creative-ads-repository/blob/main/hd_ad_creatives/MakeMeJedi_2511741675866644_video_The_Ultimate_Father_s_Day_Surprise_-_Up_to_70_OFF_2025-06-11.jpg,jpg,1,Fresh download on 2025-06-25
MakeMeJedi_701051849340807_video_Surprise_Your_Dad_This_Father_s_Day__2025-05-30-781ba1e3ab3d.jpg,MakeMeJedi,video,,120226594181200354,8.83,2025-06-25,0,hd_ad_creatives,https://github.com/lac5q/creative-ads-repository/raw/main/hd_ad_creatives/MakeMeJedi_701051849340807_video_Surprise_Your_Dad_This_Father_s_Day__2025-05-30-781ba1e3ab3d.jpg,https://github.com/lac5q/creative-ads-repository/blob/main/hd_ad_creatives/MakeMeJedi_701051849340807_video_Surprise_Your_Dad_This_Father_s_Day__2025-05-30-781ba1e3ab3d.jpg,jpg,1,Fresh download on 2025-06-25
MakeMeJedi_1231576455025877_video_Surprise_Your_Dad_This_Father_s_Day__2025-05-16-d3a7076b541b.jpg,MakeMeJedi,video,,120226594181200354,10.87,2025-06-25,0,hd_ad_creatives,https://github.com/lac5q/creative-ads-repository/raw/main/hd_ad_creatives/MakeMeJedi_1231576455025877_video_Surprise_Your_Dad_This_Father_s_Day__2025-05-16-d3a7076b541b.jpg,https://github.com/lac5q/creative-ads-repository/blob/main/hd_ad_creatives/MakeMeJedi_1231576455025877_video_Surprise_Your_Dad_This_Father_s_Day__2025-05-16-d3a7076b541b.jpg,jpg,1,Fresh download on 2025-06-25
MakeMeJedi_973358931497404_image_This_Mother_s_Day__May_the_laughs_be_with_you_2025-04-17-ae7.jpg,MakeMeJedi,image,,120224035615330354,164.23,2025-06-25,0,hd_ad_creatives,https://github.com/lac5q/creative-ads-repository/raw/main/hd_ad_creatives/MakeMeJedi_973358931497404_image_This_Mother_s_Day__May_the_laughs_be_with_you_2025-04-17-ae7.jpg,https://github.com/lac5q/creative-ads-repository/blob/main/hd_ad_creatives/MakeMeJedi_973358931497404_image_This_Mother_s_Day__May_the_laughs_be_with_you_2025-04-17-ae7.jpg,jpg,1,Fresh download on 2025-06-25
MakeMeJedi_1160845358860193_video_This_Mother_s_Day__May_the_laughs_be_with_you_2025-04-17-47d.jpg,MakeMeJedi,video,,120224035615330354,7.63,2025-06-25,0,hd_ad_creatives,https://github.com/lac5q/creative-ads-repository/raw/main/hd_ad_creatives/MakeMeJedi_1160845358860193_video_This_Mother_s_Day__May_the_laughs_be_with_you_2025-04-17-47d.jpg,https://github.com/lac5q/creative-ads-repository/blob/main/hd_ad_creatives/MakeMeJedi_1160845358860193_video_This_Mother_s_Day__May_the_laughs_be_with_you_2025-04-17-47d.jpg,jpg,1,Fresh download on 2025-06-25
MakeMeJedi_1878547996015843_video_Jedi_Family_Portrait__Now_Everyone_s_Cracking_Up__2025-04-08.jpg,MakeMeJedi,video,,120223141564780354,8.11,2025-06-25,0,hd_ad_creatives,https://github.com/lac5q/creative-ads-repository/raw/main/hd_ad_creatives/MakeMeJedi_1878547996015843_video_Jedi_Family_Portrait__Now_Everyone_s_Cracking_Up__2025-04-08.jpg,https://github.com/lac5q/creative-ads-repository/blob/main/hd_ad_creatives/MakeMeJedi_1878547996015843_video_Jedi_Family_Portrait__Now_Everyone_s_Cracking_Up__2025-04-08.jpg,jpg,1,Fresh download on 2025-06-25
MakeMeJedi_1428725648092803_image_Jedi_Family_Portrait__Now_Everyone_s_Cracking_Up__2025-04-08.jpg,MakeMeJedi,image,,120223141564780354,148.49,2025-06-25,0,hd_ad_creatives,https://github.com/lac5q/creative-ads-repository/raw/main/hd_ad_creatives/MakeMeJedi_1428725648092803_image_Jedi_Family_Portrait__Now_Everyone_s_Cracking_Up__2025-04-08.jpg,https://github.com/lac5q/creative-ads-repository/blob/main/hd_ad_creatives/MakeMeJedi_1428725648092803_image_Jedi_Family_Portrait__Now_Everyone_s_Cracking_Up__2025-04-08.jpg,jpg,1,Fresh download on 2025-06-25
MakeMeJedi_975403881437353_video_Jedi_Family_Portrait__Now_Everyone_s_Cracking_Up__2025-04-08.jpg,MakeMeJedi,video,,120223141564780354,7.21,2025-06-25,0,hd_ad_creatives,https://github.com/lac5q/creative-ads-repository/raw/main/hd_ad_creatives/MakeMeJedi_975403881437353_video_Jedi_Family_Portrait__Now_Everyone_s_Cracking_Up__2025-04-08.jpg,https://github.com/lac5q/creative-ads-repository/blob/main/hd_ad_creatives/MakeMeJedi_975403881437353_video_Jedi_Family_Portrait__Now_Everyone_s_Cracking_Up__2025-04-08.jpg,jpg,1,Fresh download on 2025-06-25
MakeMeJedi_981722934125041_video_Jedi_Family_Portrait__Now_Everyone_s_Cracking_Up__2025-04-08.jpg,MakeMeJedi,video,,120223141564780354,8.11,2025-06-25,0,hd_ad_creatives,https://github.com/lac5q/creative-ads-repository/raw/main/hd_ad_creatives/MakeMeJedi_981722934125041_video_Jedi_Family_Portrait__Now_Everyone_s_Cracking_Up__2025-04-08.jpg,https://github.com/lac5q/creative-ads-repository/blob/main/hd_ad_creatives/MakeMeJedi_981722934125041_video_Jedi_Family_Portrait__Now_Everyone_s_Cracking_Up__2025-04-08.jpg,jpg,1,Fresh download on 2025-06-25
MakeMeJedi_120214904414330354_video_Up_tp_75_Off_Sitewide_2024-11-29-27d7139a288926134c1ac64a1fd.jpg,MakeMeJedi,video,,120214904279410354,8.02,2025-06-25,0,hd_ad_creatives,https://github.com/lac5q/creative-ads-repository/raw/main/hd_ad_creatives/MakeMeJedi_120214904414330354_video_Up_tp_75_Off_Sitewide_2024-11-29-27d7139a288926134c1ac64a1fd.jpg,https://github.com/lac5q/creative-ads-repository/blob/main/hd_ad_creatives/MakeMeJedi_120214904414330354_video_Up_tp_75_Off_Sitewide_2024-11-29-27d7139a288926134c1ac64a1fd.jpg,jpg,1,Fresh download on 2025-06-25
MakeMeJedi_120214512156550354_image_Early_Black_Friday_Sale_-_Up_to_70_Off__2024-11-18-98eaf8cba.jpg,MakeMeJedi,image,,120214176630510354,162.63,2025-06-25,0,hd_ad_creatives,https://github.com/lac5q/creative-ads-repository/raw/main/hd_ad_creatives/MakeMeJedi_120214512156550354_image_Early_Black_Friday_Sale_-_Up_to_70_Off__2024-11-18-98eaf8cba.jpg,https://github.com/lac5q/creative-ads-repository/blob/main/hd_ad_creatives/MakeMeJedi_120214512156550354_image_Early_Black_Friday_Sale_-_Up_to_70_Off__2024-11-18-98eaf8cba.jpg,jpg,1,Fresh download on 2025-06-25
MakeMeJedi_120214512156110354_image_Early_Black_Friday_Sale_-_Up_to_70_Off__2024-11-18-67de092fc.jpg,MakeMeJedi,image,,120214176630510354,162.63,2025-06-25,0,hd_ad_creatives,https://github.com/lac5q/creative-ads-repository/raw/main/hd_ad_creatives/MakeMeJedi_120214512156110354_image_Early_Black_Friday_Sale_-_Up_to_70_Off__2024-11-18-67de092fc.jpg,https://github.com/lac5q/creative-ads-repository/blob/main/hd_ad_creatives/MakeMeJedi_120214512156110354_image_Early_Black_Friday_Sale_-_Up_to_70_Off__2024-11-18-67de092fc.jpg,jpg,1,Fresh download on 2025-06-25
MakeMeJedi_120214177292420354_video_Early_Black_Friday_Sale_-_Up_to_70_Off__2024-11-08-106176148.jpg,MakeMeJedi,video,,120214176630510354,8.69,2025-06-25,0,hd_ad_creatives,https://github.com/lac5q/creative-ads-repository/raw/main/hd_ad_creatives/MakeMeJedi_120214177292420354_video_Early_Black_Friday_Sale_-_Up_to_70_Off__2024-11-08-106176148.jpg,https://github.com/lac5q/creative-ads-repository/blob/main/hd_ad_creatives/MakeMeJedi_120214177292420354_video_Early_Black_Friday_Sale_-_Up_to_70_Off__2024-11-08-106176148.jpg,jpg,1,Fresh download on 2025-06-25
MakeMeJedi_120214177266730354_video_Early_Black_Friday_Sale_-_Up_to_70_Off__2024-11-08-a4d7f0d86.jpg,MakeMeJedi,video,,120214176630510354,8.69,2025-06-25,0,hd_ad_creatives,https://github.com/lac5q/creative-ads-repository/raw/main/hd_ad_creatives/MakeMeJedi_120214177266730354_video_Early_Black_Friday_Sale_-_Up_to_70_Off__2024-11-08-a4d7f0d86.jpg,https://github.com/lac5q/creative-ads-repository/blob/main/hd_ad_creatives/MakeMeJedi_120214177266730354_video_Early_Black_Friday_Sale_-_Up_to_70_Off__2024-11-08-a4d7f0d86.jpg,jpg,1,Fresh download on 2025-06-25
MakeMeJedi_910316701014349_image_Best._Gift._Ever.__Period__2025-02-25-2f10062f225ce43975e2fc.jpg,MakeMeJedi,image,,120209567143580354,220.61,2025-06-25,0,hd_ad_creatives,https://github.com/lac5q/creative-ads-repository/raw/main/hd_ad_creatives/MakeMeJedi_910316701014349_image_Best._Gift._Ever.__Period__2025-02-25-2f10062f225ce43975e2fc.jpg,https://github.com/lac5q/creative-ads-repository/blob/main/hd_ad_creatives/MakeMeJedi_910316701014349_image_Best._Gift._Ever.__Period__2025-02-25-2f10062f225ce43975e2fc.jpg,jpg,1,Fresh download on 2025-06-25
HoliFrog_23852106503370701_video_20_Off_First_Purchase_2022-11-22-5734935d1c36c7419cbacb48080.jpg,HoliFrog,video,,23851882940040701,9.05,2025-06-25,0,video_creatives,https://github.com/lac5q/creative-ads-repository/raw/main/video_creatives/HoliFrog_23852106503370701_video_20_Off_First_Purchase_2022-11-22-5734935d1c36c7419cbacb48080.jpg,https://github.com/lac5q/creative-ads-repository/blob/main/video_creatives/HoliFrog_23852106503370701_video_20_Off_First_Purchase_2022-11-22-5734935d1c36c7419cbacb48080.jpg,jpg,1,Fresh download on 2025-06-25
HoliFrog_23850493386930701_image_Special_Value_-_The_Ultimate_Comfort_Combo_2022-05-25-fdfdd2.jpg,HoliFrog,image,,23850715048710701,91.5,2025-06-25,0,video_creatives,https://github.com/lac5q/creative-ads-repository/raw/main/video_creatives/HoliFrog_23850493386930701_image_Special_Value_-_The_Ultimate_Comfort_Combo_2022-05-25-fdfdd2.jpg,https://github.com/lac5q/creative-ads-repository/blob/main/video_creatives/HoliFrog_23850493386930701_image_Special_Value_-_The_Ultimate_Comfort_Combo_2022-05-25-fdfdd2.jpg,jpg,1,Fresh download on 2025-06-25
HoliFrog_23850493386930701_image_Special_Value_-_The_Ultimate_Comfort_Combo_2022-05-25-fdfdd2.jpg,HoliFrog,image,,23850715002970701,91.5,2025-06-25,0,video_creatives,https://github.com/lac5q/creative-ads-repository/raw/main/video_creatives/HoliFrog_23850493386930701_image_Special_Value_-_The_Ultimate_Comfort_Combo_2022-05-25-fdfdd2.jpg,https://github.com/lac5q/creative-ads-repository/blob/main/video_creatives/HoliFrog_23850493386930701_image_Special_Value_-_The_Ultimate_Comfort_Combo_2022-05-25-fdfdd2.jpg,jpg,1,Fresh download on 2025-06-25
HoliFrog_23850408542650701_video_NEW_Utopia_Microflora_Toner_2022-05-13-24b07265a9435d15f34c5.jpg,HoliFrog,video,,23850715002970701,5.79,2025-06-25,0,video_creatives,https://github.com/lac5q/creative-ads-repository/raw/main/video_creatives/HoliFrog_23850408542650701_video_NEW_Utopia_Microflora_Toner_2022-05-13-24b07265a9435d15f34c5.jpg,https://github.com/lac5q/creative-ads-repository/blob/main/video_creatives/HoliFrog_23850408542650701_video_NEW_Utopia_Microflora_Toner_2022-05-13-24b07265a9435d15f34c5.jpg,jpg,1,Fresh download on 2025-06-25
HoliFrog_23850408542650701_video_NEW_Utopia_Microflora_Toner_2022-05-13-24b07265a9435d15f34c5.jpg,HoliFrog,video,,23850408605440701,5.79,2025-06-25,0,video_creatives,https://github.com/lac5q/creative-ads-repository/raw/main/video_creatives/HoliFrog_23850408542650701_video_NEW_Utopia_Microflora_Toner_2022-05-13-24b07265a9435d15f34c5.jpg,https://github.com/lac5q/creative-ads-repository/blob/main/video_creatives/HoliFrog_23850408542650701_video_NEW_Utopia_Microflora_Toner_2022-05-13-24b07265a9435d15f34c5.jpg,jpg,1,Fresh download on 2025-06-25
HoliFrog_23850451991760701_video_NEW_Utopia_Microflora_Toner_2022-05-19-cb61a0d1f33db5ac1fe05.jpg,HoliFrog,video,,23850408605440701,4.28,2025-06-25,0,video_creatives,https://github.com/lac5q/creative-ads-repository/raw/main/video_creatives/HoliFrog_23850451991760701_video_NEW_Utopia_Microflora_Toner_2022-05-19-cb61a0d1f33db5ac1fe05.jpg,https://github.com/lac5q/creative-ads-repository/blob/main/video_creatives/HoliFrog_23850451991760701_video_NEW_Utopia_Microflora_Toner_2022-05-19-cb61a0d1f33db5ac1fe05.jpg,jpg,1,Fresh download on 2025-06-25
HoliFrog_23850493386930701_image_Special_Value_-_The_Ultimate_Comfort_Combo_2022-05-25-fdfdd2.jpg,HoliFrog,image,,23850408605440701,91.5,2025-06-25,0,video_creatives,https://github.com/lac5q/creative-ads-repository/raw/main/video_creatives/HoliFrog_23850493386930701_image_Special_Value_-_The_Ultimate_Comfort_Combo_2022-05-25-fdfdd2.jpg,https://github.com/lac5q/creative-ads-repository/blob/main/video_creatives/HoliFrog_23850493386930701_image_Special_Value_-_The_Ultimate_Comfort_Combo_2022-05-25-fdfdd2.jpg,jpg,1,Fresh download on 2025-06-25
HoliFrog_23850408542650701_video_NEW_Utopia_Microflora_Toner_2022-05-13-24b07265a9435d15f34c5.jpg,HoliFrog,video,,23850408315600701,5.79,2025-06-25,0,video_creatives,https://github.com/lac5q/creative-ads-repository/raw/main/video_creatives/HoliFrog_23850408542650701_video_NEW_Utopia_Microflora_Toner_2022-05-13-24b07265a9435d15f34c5.jpg,https://github.com/lac5q/creative-ads-repository/blob/main/video_creatives/HoliFrog_23850408542650701_video_NEW_Utopia_Microflora_Toner_2022-05-13-24b07265a9435d15f34c5.jpg,jpg,1,Fresh download on 2025-06-25
HoliFrog_23850451991760701_video_NEW_Utopia_Microflora_Toner_2022-05-19-cb61a0d1f33db5ac1fe05.jpg,HoliFrog,video,,23850408315600701,4.28,2025-06-25,0,video_creatives,https://github.com/lac5q/creative-ads-repository/raw/main/video_creatives/HoliFrog_23850451991760701_video_NEW_Utopia_Microflora_Toner_2022-05-19-cb61a0d1f33db5ac1fe05.jpg,https://github.com/lac5q/creative-ads-repository/blob/main/video_creatives/HoliFrog_23850451991760701_video_NEW_Utopia_Microflora_Toner_2022-05-19-cb61a0d1f33db5ac1fe05.jpg,jpg,1,Fresh download on 2025-06-25
HoliFrog_23850493386930701_image_Special_Value_-_The_Ultimate_Comfort_Combo_2022-05-25-fdfdd2.jpg,HoliFrog,image,,23850408315600701,91.5,2025-06-25,0,video_creatives,https://github.com/lac5q/creative-ads-repository/raw/main/video_creatives/HoliFrog_23850493386930701_image_Special_Value_-_The_Ultimate_Comfort_Combo_2022-05-25-fdfdd2.jpg,https://github.com/lac5q/creative-ads-repository/blob/main/video_creatives/HoliFrog_23850493386930701_image_Special_Value_-_The_Ultimate_Comfort_Combo_2022-05-25-fdfdd2.jpg,jpg,1,Fresh download on 2025-06-25
TurnedWizard_23850157385160576_image_Turn_Your_Mom_Into_a_Wizard_2022-03-22-944a29417e7f3258ae32a.jpg,TurnedWizard,image,,23850157373940576,150.81,2025-06-25,0,image_creatives,https://github.com/lac5q/creative-ads-repository/raw/main/image_creatives/TurnedWizard_23850157385160576_image_Turn_Your_Mom_Into_a_Wizard_2022-03-22-944a29417e7f3258ae32a.jpg,https://github.com/lac5q/creative-ads-repository/blob/main/image_creatives/TurnedWizard_23850157385160576_image_Turn_Your_Mom_Into_a_Wizard_2022-03-22-944a29417e7f3258ae32a.jpg,jpg,1,Fresh download on 2025-06-25
TurnedWizard_23850157385560576_image_Turn_Your_Mom_Into_a_Wizard_2022-03-22-b8c53c6eda684fcc56f6e.jpg,TurnedWizard,image,,23850157373940576,150.81,2025-06-25,0,image_creatives,https://github.com/lac5q/creative-ads-repository/raw/main/image_creatives/TurnedWizard_23850157385560576_image_Turn_Your_Mom_Into_a_Wizard_2022-03-22-b8c53c6eda684fcc56f6e.jpg,https://github.com/lac5q/creative-ads-repository/blob/main/image_creatives/TurnedWizard_23850157385560576_image_Turn_Your_Mom_Into_a_Wizard_2022-03-22-b8c53c6eda684fcc56f6e.jpg,jpg,1,Fresh download on 2025-06-25
TurnedWizard_23850157385920576_image_Turn_Your_Mom_Into_a_Wizard_2022-03-22-66f09dd3853bbfbb66ee3.jpg,TurnedWizard,image,,23850157373940576,150.81,2025-06-25,0,image_creatives,https://github.com/lac5q/creative-ads-repository/raw/main/image_creatives/TurnedWizard_23850157385920576_image_Turn_Your_Mom_Into_a_Wizard_2022-03-22-66f09dd3853bbfbb66ee3.jpg,https://github.com/lac5q/creative-ads-repository/blob/main/image_creatives/TurnedWizard_23850157385920576_image_Turn_Your_Mom_Into_a_Wizard_2022-03-22-66f09dd3853bbfbb66ee3.jpg,jpg,1,Fresh download on 2025-06-25
TurnedWizard_23850145455150576_image_The_Perfect_Gift_For_Muggles_2022-03-21-eb674458ec162c2a4468.jpg,TurnedWizard,image,,23850145439930576,271.12,2025-06-25,0,image_creatives,https://github.com/lac5q/creative-ads-repository/raw/main/image_creatives/TurnedWizard_23850145455150576_image_The_Perfect_Gift_For_Muggles_2022-03-21-eb674458ec162c2a4468.jpg,https://github.com/lac5q/creative-ads-repository/blob/main/image_creatives/TurnedWizard_23850145455150576_image_The_Perfect_Gift_For_Muggles_2022-03-21-eb674458ec162c2a4468.jpg,jpg,1,Fresh download on 2025-06-25
TurnedWizard_23850145454230576_image_Turn_Your_Child_Into_a_Witch_Wizard_2022-03-21-b6fafd8536a0a.jpg,TurnedWizard,image,,23850145439930576,355.98,2025-06-25,0,image_creatives,https://github.com/lac5q/creative-ads-repository/raw/main/image_creatives/TurnedWizard_23850145454230576_image_Turn_Your_Child_Into_a_Witch_Wizard_2022-03-21-b6fafd8536a0a.jpg,https://github.com/lac5q/creative-ads-repository/blob/main/image_creatives/TurnedWizard_23850145454230576_image_Turn_Your_Child_Into_a_Witch_Wizard_2022-03-21-b6fafd8536a0a.jpg,jpg,1,Fresh download on 2025-06-25
TurnedWizard_23850145454730576_image_The_Perfect_Gift_For_Muggles_2022-03-21-277d8fec620e31118615.jpg,TurnedWizard,image,,23850145439930576,271.12,2025-06-25,0,image_creatives,https://github.com/lac5q/creative-ads-repository/raw/main/image_creatives/TurnedWizard_23850145454730576_image_The_Perfect_Gift_For_Muggles_2022-03-21-277d8fec620e31118615.jpg,https://github.com/lac5q/creative-ads-repository/blob/main/image_creatives/TurnedWizard_23850145454730576_image_The_Perfect_Gift_For_Muggles_2022-03-21-277d8fec620e31118615.jpg,jpg,1,Fresh download on 2025-06-25
TurnedWizard_23850145454810576_image_Turn_Your_Child_Into_a_Witch_Wizard_2022-03-21-1edd0ef993df7.jpg,TurnedWizard,image,,23850145439930576,355.98,2025-06-25,0,image_creatives,https://github.com/lac5q/creative-ads-repository/raw/main/image_creatives/TurnedWizard_23850145454810576_image_Turn_Your_Child_Into_a_Witch_Wizard_2022-03-21-1edd0ef993df7.jpg,https://github.com/lac5q/creative-ads-repository/blob/main/image_creatives/TurnedWizard_23850145454810576_image_Turn_Your_Child_Into_a_Witch_Wizard_2022-03-21-1edd0ef993df7.jpg,jpg,1,Fresh download on 2025-06-25
TurnedWizard_23850145458750576_image_The_Perfect_Gift_For_Muggles_2022-03-21-de55e5be85484c852c43.jpg,TurnedWizard,image,,23850145439930576,271.12,2025-06-25,0,image_creatives,https://github.com/lac5q/creative-ads-repository/raw/main/image_creatives/TurnedWizard_23850145458750576_image_The_Perfect_Gift_For_Muggles_2022-03-21-de55e5be85484c852c43.jpg,https://github.com/lac5q/creative-ads-repository/blob/main/image_creatives/TurnedWizard_23850145458750576_image_The_Perfect_Gift_For_Muggles_2022-03-21-de55e5be85484c852c43.jpg,jpg,1,Fresh download on 2025-06-25
TurnedWizard_23850145457130576_image_The_Perfect_Gift_For_Muggles_2022-03-21-4feba38a571422cf1cf9.jpg,TurnedWizard,image,,23850145439930576,271.12,2025-06-25,0,image_creatives,https://github.com/lac5q/creative-ads-repository/raw/main/image_creatives/TurnedWizard_23850145457130576_image_The_Perfect_Gift_For_Muggles_2022-03-21-4feba38a571422cf1cf9.jpg,https://github.com/lac5q/creative-ads-repository/blob/main/image_creatives/TurnedWizard_23850145457130576_image_The_Perfect_Gift_For_Muggles_2022-03-21-4feba38a571422cf1cf9.jpg,jpg,1,Fresh download on 2025-06-25
TurnedWizard_23850145457310576_image_Turn_Your_Child_Into_a_Witch_Wizard_2022-03-21-ba56db9ecddcb.jpg,TurnedWizard,image,,23850145439930576,355.98,2025-06-25,0,image_creatives,https://github.com/lac5q/creative-ads-repository/raw/main/image_creatives/TurnedWizard_23850145457310576_image_Turn_Your_Child_Into_a_Witch_Wizard_2022-03-21-ba56db9ecddcb.jpg,https://github.com/lac5q/creative-ads-repository/blob/main/image_creatives/TurnedWizard_23850145457310576_image_Turn_Your_Child_Into_a_Witch_Wizard_2022-03-21-ba56db9ecddcb.jpg,jpg,1,Fresh download on 2025-06-25
TurnedWizard_23850145458860576_image_Turn_Your_Child_Into_a_Witch_Wizard_2022-03-21-033cd09161379.jpg,TurnedWizard,image,,23850145439930576,355.98,2025-06-25,0,image_creatives,https://github.com/lac5q/creative-ads-repository/raw/main/image_creatives/TurnedWizard_23850145458860576_image_Turn_Your_Child_Into_a_Witch_Wizard_2022-03-21-033cd09161379.jpg,https://github.com/lac5q/creative-ads-repository/blob/main/image_creatives/TurnedWizard_23850145458860576_image_Turn_Your_Child_Into_a_Witch_Wizard_2022-03-21-033cd09161379.jpg,jpg,1,Fresh download on 2025-06-25
TurnedWizard_23850145454690576_image_Turn_Your_Child_Into_a_Witch_Wizard_2022-03-21-46ba1a5b72766.jpg,TurnedWizard,image,,23850145439930576,355.98,2025-06-25,0,image_creatives,https://github.com/lac5q/creative-ads-repository/raw/main/image_creatives/TurnedWizard_23850145454690576_image_Turn_Your_Child_Into_a_Witch_Wizard_2022-03-21-46ba1a5b72766.jpg,https://github.com/lac5q/creative-ads-repository/blob/main/image_creatives/TurnedWizard_23850145454690576_image_Turn_Your_Child_Into_a_Witch_Wizard_2022-03-21-46ba1a5b72766.jpg,jpg,1,Fresh download on 2025-06-25
TurnedWizard_23850145453330576_image_Turn_Your_Child_Into_a_Witch_Wizard_2022-03-21-6805c9420b130.jpg,TurnedWizard,image,,23850145439930576,355.98,2025-06-25,0,image_creatives,https://github.com/lac5q/creative-ads-repository/raw/main/image_creatives/TurnedWizard_23850145453330576_image_Turn_Your_Child_Into_a_Witch_Wizard_2022-03-21-6805c9420b130.jpg,https://github.com/lac5q/creative-ads-repository/blob/main/image_creatives/TurnedWizard_23850145453330576_image_Turn_Your_Child_Into_a_Witch_Wizard_2022-03-21-6805c9420b130.jpg,jpg,1,Fresh download on 2025-06-25
TurnedWizard_23850145455180576_image_The_Perfect_Gift_For_Muggles_2022-03-21-368394aa2d709d94acf2.jpg,TurnedWizard,image,,23850145439930576,271.12,2025-06-25,0,image_creatives,https://github.com/lac5q/creative-ads-repository/raw/main/image_creatives/TurnedWizard_23850145455180576_image_The_Perfect_Gift_For_Muggles_2022-03-21-368394aa2d709d94acf2.jpg,https://github.com/lac5q/creative-ads-repository/blob/main/image_creatives/TurnedWizard_23850145455180576_image_The_Perfect_Gift_For_Muggles_2022-03-21-368394aa2d709d94acf2.jpg,jpg,1,Fresh download on 2025-06-25
TurnedWizard_23850145454710576_image_The_Perfect_Gift_For_Muggles_2022-03-21-77cc5a7945deb13439b9.jpg,TurnedWizard,image,,23850145439930576,271.12,2025-06-25,0,image_creatives,https://github.com/lac5q/creative-ads-repository/raw/main/image_creatives/TurnedWizard_23850145454710576_image_The_Perfect_Gift_For_Muggles_2022-03-21-77cc5a7945deb13439b9.jpg,https://github.com/lac5q/creative-ads-repository/blob/main/image_creatives/TurnedWizard_23850145454710576_image_The_Perfect_Gift_For_Muggles_2022-03-21-77cc5a7945deb13439b9.jpg,jpg,1,Fresh download on 2025-06-25
TurnedWizard_23850145438550576_image_The_Perfect_Gift_For_Muggles_2022-03-21-23e7bc85231dbd3d8696.jpg,TurnedWizard,image,,23850145424170576,271.12,2025-06-25,0,image_creatives,https://github.com/lac5q/creative-ads-repository/raw/main/image_creatives/TurnedWizard_23850145438550576_image_The_Perfect_Gift_For_Muggles_2022-03-21-23e7bc85231dbd3d8696.jpg,https://github.com/lac5q/creative-ads-repository/blob/main/image_creatives/TurnedWizard_23850145438550576_image_The_Perfect_Gift_For_Muggles_2022-03-21-23e7bc85231dbd3d8696.jpg,jpg,1,Fresh download on 2025-06-25
TurnedWizard_23850145437870576_image_The_Perfect_Gift_For_Muggles_2022-03-21-5ab247a28bb887efcc84.jpg,TurnedWizard,image,,23850145424170576,271.12,2025-06-25,0,image_creatives,https://github.com/lac5q/creative-ads-repository/raw/main/image_creatives/TurnedWizard_23850145437870576_image_The_Perfect_Gift_For_Muggles_2022-03-21-5ab247a28bb887efcc84.jpg,https://github.com/lac5q/creative-ads-repository/blob/main/image_creatives/TurnedWizard_23850145437870576_image_The_Perfect_Gift_For_Muggles_2022-03-21-5ab247a28bb887efcc84.jpg,jpg,1,Fresh download on 2025-06-25
TurnedWizard_23849987094670576_video_The_Perfect_Gift_For_Muggles_2022-02-28-e0e823847ba522c36e94.jpg,TurnedWizard,video,,23849987085620576,7.51,2025-06-25,0,image_creatives,https://github.com/lac5q/creative-ads-repository/raw/main/image_creatives/TurnedWizard_23849987094670576_video_The_Perfect_Gift_For_Muggles_2022-02-28-e0e823847ba522c36e94.jpg,https://github.com/lac5q/creative-ads-repository/blob/main/image_creatives/TurnedWizard_23849987094670576_video_The_Perfect_Gift_For_Muggles_2022-02-28-e0e823847ba522c36e94.jpg,jpg,1,Fresh download on 2025-06-25
TurnedWizard_23849987094610576_image_Turn_Your_Child_Into_a_Witch_Wizard_2022-02-28-4c42f0d7134ba.jpg,TurnedWizard,image,,23849987085620576,246.73,2025-06-25,0,image_creatives,https://github.com/lac5q/creative-ads-repository/raw/main/image_creatives/TurnedWizard_23849987094610576_image_Turn_Your_Child_Into_a_Witch_Wizard_2022-02-28-4c42f0d7134ba.jpg,https://github.com/lac5q/creative-ads-repository/blob/main/image_creatives/TurnedWizard_23849987094610576_image_Turn_Your_Child_Into_a_Witch_Wizard_2022-02-28-4c42f0d7134ba.jpg,jpg,1,Fresh download on 2025-06-25
TurnedWizard_23849987095740576_video_The_Perfect_Gift_For_Muggles_2022-02-28-62a6633618074e06cf88.jpg,TurnedWizard,video,,23849987085620576,7.51,2025-06-25,0,image_creatives,https://github.com/lac5q/creative-ads-repository/raw/main/image_creatives/TurnedWizard_23849987095740576_video_The_Perfect_Gift_For_Muggles_2022-02-28-62a6633618074e06cf88.jpg,https://github.com/lac5q/creative-ads-repository/blob/main/image_creatives/TurnedWizard_23849987095740576_video_The_Perfect_Gift_For_Muggles_2022-02-28-62a6633618074e06cf88.jpg,jpg,1,Fresh download on 2025-06-25
TurnedYellow_AUD_680731748202189_video_Bigfoot_s_Jungle_Adventures_____bigfoot_vlogging_comedy_jung.jpg,TurnedYellow_AUD,video,,6852693905435,10.6,2025-06-25,0,archive_creatives,https://github.com/lac5q/creative-ads-repository/raw/main/archive_creatives/TurnedYellow_AUD_680731748202189_video_Bigfoot_s_Jungle_Adventures_____bigfoot_vlogging_comedy_jung.jpg,https://github.com/lac5q/creative-ads-repository/blob/main/archive_creatives/TurnedYellow_AUD_680731748202189_video_Bigfoot_s_Jungle_Adventures_____bigfoot_vlogging_comedy_jung.jpg,jpg,1,Fresh download on 2025-06-25
TurnedYellow_AUD_6257039435835_video_Transform_Yourself_Into_A_Cartoon_Character__2021-06-21-e35a.jpg,TurnedYellow_AUD,video,,6292349008835,7.54,2025-06-25,0,archive_creatives,https://github.com/lac5q/creative-ads-repository/raw/main/archive_creatives/TurnedYellow_AUD_6257039435835_video_Transform_Yourself_Into_A_Cartoon_Character__2021-06-21-e35a.jpg,https://github.com/lac5q/creative-ads-repository/blob/main/archive_creatives/TurnedYellow_AUD_6257039435835_video_Transform_Yourself_Into_A_Cartoon_Character__2021-06-21-e35a.jpg,jpg,1,Fresh download on 2025-06-25
TurnedYellow_AUD_6257039435835_video_Transform_Yourself_Into_A_Cartoon_Character__2021-06-21-e35a.jpg,TurnedYellow_AUD,video,,6292349008835,7.54,2025-06-25,0,archive_creatives,https://github.com/lac5q/creative-ads-repository/raw/main/archive_creatives/TurnedYellow_AUD_6257039435835_video_Transform_Yourself_Into_A_Cartoon_Character__2021-06-21-e35a.jpg,https://github.com/lac5q/creative-ads-repository/blob/main/archive_creatives/TurnedYellow_AUD_6257039435835_video_Transform_Yourself_Into_A_Cartoon_Character__2021-06-21-e35a.jpg,jpg,1,Fresh download on 2025-06-25
TurnedYellow_AUD_6257039435835_video_Transform_Yourself_Into_A_Cartoon_Character__2021-06-21-e35a.jpg,TurnedYellow_AUD,video,,6257270858635,7.54,2025-06-25,0,archive_creatives,https://github.com/lac5q/creative-ads-repository/raw/main/archive_creatives/TurnedYellow_AUD_6257039435835_video_Transform_Yourself_Into_A_Cartoon_Character__2021-06-21-e35a.jpg,https://github.com/lac5q/creative-ads-repository/blob/main/archive_creatives/TurnedYellow_AUD_6257039435835_video_Transform_Yourself_Into_A_Cartoon_Character__2021-06-21-e35a.jpg,jpg,1,Fresh download on 2025-06-25
TurnedYellow_AUD_6257039435835_video_Transform_Yourself_Into_A_Cartoon_Character__2021-06-21-e35a.jpg,TurnedYellow_AUD,video,,6257270858635,7.54,2025-06-25,0,archive_creatives,https://github.com/lac5q/creative-ads-repository/raw/main/archive_creatives/TurnedYellow_AUD_6257039435835_video_Transform_Yourself_Into_A_Cartoon_Character__2021-06-21-e35a.jpg,https://github.com/lac5q/creative-ads-repository/blob/main/archive_creatives/TurnedYellow_AUD_6257039435835_video_Transform_Yourself_Into_A_Cartoon_Character__2021-06-21-e35a.jpg,jpg,1,Fresh download on 2025-06-25
TurnedYellow_AUD_6256860055435_video_Surprise_Your_Loved_Ones_with_THIS__2021-06-19-d3188103c19fc.jpg,TurnedYellow_AUD,video,,6257038973435,6.14,2025-06-25,0,archive_creatives,https://github.com/lac5q/creative-ads-repository/raw/main/archive_creatives/TurnedYellow_AUD_6256860055435_video_Surprise_Your_Loved_Ones_with_THIS__2021-06-19-d3188103c19fc.jpg,https://github.com/lac5q/creative-ads-repository/blob/main/archive_creatives/TurnedYellow_AUD_6256860055435_video_Surprise_Your_Loved_Ones_with_THIS__2021-06-19-d3188103c19fc.jpg,jpg,1,Fresh download on 2025-06-25
TurnedYellow_AUD_6256860055435_video_Surprise_Your_Loved_Ones_with_THIS__2021-06-19-d3188103c19fc.jpg,TurnedYellow_AUD,video,,6257038973435,6.14,2025-06-25,0,archive_creatives,https://github.com/lac5q/creative-ads-repository/raw/main/archive_creatives/TurnedYellow_AUD_6256860055435_video_Surprise_Your_Loved_Ones_with_THIS__2021-06-19-d3188103c19fc.jpg,https://github.com/lac5q/creative-ads-repository/blob/main/archive_creatives/TurnedYellow_AUD_6256860055435_video_Surprise_Your_Loved_Ones_with_THIS__2021-06-19-d3188103c19fc.jpg,jpg,1,Fresh download on 2025-06-25
TurnedYellow_AUD_6257039435835_video_Transform_Yourself_Into_A_Cartoon_Character__2021-06-21-e35a.jpg,TurnedYellow_AUD,video,,6257038973435,7.54,2025-06-25,0,archive_creatives,https://github.com/lac5q/creative-ads-repository/raw/main/archive_creatives/TurnedYellow_AUD_6257039435835_video_Transform_Yourself_Into_A_Cartoon_Character__2021-06-21-e35a.jpg,https://github.com/lac5q/creative-ads-repository/blob/main/archive_creatives/TurnedYellow_AUD_6257039435835_video_Transform_Yourself_Into_A_Cartoon_Character__2021-06-21-e35a.jpg,jpg,1,Fresh download on 2025-06-25
TurnedYellow_AUD_6257039436235_video_Transform_Yourself_Into_A_Cartoon_Character__2021-06-21-e685.jpg,TurnedYellow_AUD,video,,6257038973435,7.54,2025-06-25,0,archive_creatives,https://github.com/lac5q/creative-ads-repository/raw/main/archive_creatives/TurnedYellow_AUD_6257039436235_video_Transform_Yourself_Into_A_Cartoon_Character__2021-06-21-e685.jpg,https://github.com/lac5q/creative-ads-repository/blob/main/archive_creatives/TurnedYellow_AUD_6257039436235_video_Transform_Yourself_Into_A_Cartoon_Character__2021-06-21-e685.jpg,jpg,1,Fresh download on 2025-06-25
TurnedYellow_AUD_6257039436035_video_Transform_Yourself_Into_A_Cartoon_Character__2021-06-21-e6f1.jpg,TurnedYellow_AUD,video,,6257038973435,7.54,2025-06-25,0,archive_creatives,https://github.com/lac5q/creative-ads-repository/raw/main/archive_creatives/TurnedYellow_AUD_6257039436035_video_Transform_Yourself_Into_A_Cartoon_Character__2021-06-21-e6f1.jpg,https://github.com/lac5q/creative-ads-repository/blob/main/archive_creatives/TurnedYellow_AUD_6257039436035_video_Transform_Yourself_Into_A_Cartoon_Character__2021-06-21-e6f1.jpg,jpg,1,Fresh download on 2025-06-25
