Account ID,Account Name,Currency,Amount Spent,Balance,Status,Timezone,Business Name
act_49743952,Luis Abraham Calderon,USD,$10,$0,ACTIVE,America/Mexico_City,Luis Abraham Calderon
act_60960825,Turned Yellow,AUD,$18341,$13980,ACTIVE,Australia/Sydney,Turned Yellow
act_2391476931086052,USD Turned Yellow,USD,$251073829,$4653,ACTIVE,America/Los_Angeles,Turned Yellow
act_852857815080912,Print Site Turned Yellow,USD,$0,$0,INACTIVE,America/Los_Angeles,Turned Yellow
act_2860196727638689,New TY Account,USD,$0,$0,INACTIVE,America/Los_Angeles,Turned Yellow
act_414476753269532,HoliFrog,USD,$1634726,$0,ACTIVE,America/Los_Angeles,HoliFrog
act_1635874176612056,Turned To Anime,USD,$43835,$0,INACTIVE,America/Los_Angeles,Turned To Anime
act_2957720757845873,MakeMeJedi,USD,$112088937,$539,ACTIVE,America/Los_Angeles,MakeMeJedi
act_1195252750964860,Turned Wizard,USD,$725204,$0,ACTIVE,America/Los_Angeles,Turned Wizard
act_869833953706383,MakeMeJedi 2,USD,$9037,$0,ACTIVE,America/Los_Angeles,MakeMeJedi
act_1445129055925867,Portrified,USD,$430109,$0,INACTIVE,America/Los_Angeles,Portrified
act_2488553354644283,Turned Thrones,USD,$36582,$0,INACTIVE,America/Los_Angeles,Turned Thrones
act_24704874189101749,Luis Abraham Calderon,USD,$41745,$0,ACTIVE,America/Mexico_City,Luis Abraham Calderon
act_1203552290059089,Turned Yellow,USD,$0,$0,ACTIVE,America/Los_Angeles,Turned Yellow
act_1493896134558969,Turned Yellow,USD,$0,$0,ACTIVE,America/Los_Angeles,Turned Yellow 