Creative_Name,Brand,Account,Ad_ID,Creative_Type,Description,Performance_Level,Hook_Type,Quality_Tier,File_Size_KB,Priority_Rank,GitHub_Download_Link,GitHub_View_Link,Download_Command,Status,Notes,Upload_Date,Directory_Source,Last_Modified
USD_TurnedYellow_1210327987494412_image_Get_Dad_Laughing_Up_to_70_OFF__2025-05-28-0e26c5d6210d99e964,TurnedYellow,TurnedYellow,1210327987494412,Image,USD TurnedYellow image Get Dad Laughing OFF 2025-05-28-0e26c5d6210d99e964,Standard,Standard,Premium HD,269.48,1,https://github.com/lac5q/creative-ads-repository/raw/main/hd_ad_creatives/USD_TurnedYellow_1210327987494412_image_Get_Dad_Laughing_Up_to_70_OFF__2025-05-28-0e26c5d6210d99e964.jpg,https://github.com/lac5q/creative-ads-repository/blob/main/hd_ad_creatives/USD_TurnedYellow_1210327987494412_image_Get_Dad_Laughing_Up_to_70_OFF__2025-05-28-0e26c5d6210d99e964.jpg,"curl -L ""https://github.com/lac5q/creative-ads-repository/raw/main/hd_ad_creatives/USD_TurnedYellow_1210327987494412_image_Get_Dad_Laughing_Up_to_70_OFF__2025-05-28-0e26c5d6210d99e964.jpg"" -o ""USD_TurnedYellow_1210327987494412_image_Get_Dad_Laughing_Up_to_70_OFF__2025-05-28-0e26c5d6210d99e964.jpg""",Active,High-quality upload 2025-06-25,2025-06-25,hd_ad_creatives,2025-06-25
USD_TurnedYellow_2922943441219466_image_Get_Dad_Laughing_Up_to_70_OFF__2025-05-28-8c18ad74e0ff984d3d,TurnedYellow,TurnedYellow,2922943441219466,Image,USD TurnedYellow image Get Dad Laughing OFF 2025-05-28-8c18ad74e0ff984d3d,Standard,Standard,Premium HD,269.48,2,https://github.com/lac5q/creative-ads-repository/raw/main/hd_ad_creatives/USD_TurnedYellow_2922943441219466_image_Get_Dad_Laughing_Up_to_70_OFF__2025-05-28-8c18ad74e0ff984d3d.jpg,https://github.com/lac5q/creative-ads-repository/blob/main/hd_ad_creatives/USD_TurnedYellow_2922943441219466_image_Get_Dad_Laughing_Up_to_70_OFF__2025-05-28-8c18ad74e0ff984d3d.jpg,"curl -L ""https://github.com/lac5q/creative-ads-repository/raw/main/hd_ad_creatives/USD_TurnedYellow_2922943441219466_image_Get_Dad_Laughing_Up_to_70_OFF__2025-05-28-8c18ad74e0ff984d3d.jpg"" -o ""USD_TurnedYellow_2922943441219466_image_Get_Dad_Laughing_Up_to_70_OFF__2025-05-28-8c18ad74e0ff984d3d.jpg""",Active,High-quality upload 2025-06-25,2025-06-25,hd_ad_creatives,2025-06-25
MakeMeJedi_910316701014349_image_Best._Gift._Ever.__Period__2025-02-25-2f10062f225ce43975e2fc.jpg,MakeMeJedi,MakeMeJedi,910316701014349,Image,MakeMeJedi image Best. Gift. Ever. Period 2025-02-25-2f10062f225ce43975e2fc,Standard,Standard,Premium HD,220.61,3,https://github.com/lac5q/creative-ads-repository/raw/main/hd_ad_creatives/MakeMeJedi_910316701014349_image_Best._Gift._Ever.__Period__2025-02-25-2f10062f225ce43975e2fc.jpg,https://github.com/lac5q/creative-ads-repository/blob/main/hd_ad_creatives/MakeMeJedi_910316701014349_image_Best._Gift._Ever.__Period__2025-02-25-2f10062f225ce43975e2fc.jpg,"curl -L ""https://github.com/lac5q/creative-ads-repository/raw/main/hd_ad_creatives/MakeMeJedi_910316701014349_image_Best._Gift._Ever.__Period__2025-02-25-2f10062f225ce43975e2fc.jpg"" -o ""MakeMeJedi_910316701014349_image_Best._Gift._Ever.__Period__2025-02-25-2f10062f225ce43975e2fc.jpg""",Active,High-quality upload 2025-06-25,2025-06-25,hd_ad_creatives,2025-06-25
USD_TurnedYellow_1116979426391043_image_The_Best_Valentine_s_Day_Gift_2025-01-24-3c72b760d5d4c4b482e,TurnedYellow,TurnedYellow,1116979426391043,Image,USD TurnedYellow image The Best Valentine Day Gift,Standard,Standard,Premium HD,176.68,4,https://github.com/lac5q/creative-ads-repository/raw/main/hd_ad_creatives/USD_TurnedYellow_1116979426391043_image_The_Best_Valentine_s_Day_Gift_2025-01-24-3c72b760d5d4c4b482e.jpg,https://github.com/lac5q/creative-ads-repository/blob/main/hd_ad_creatives/USD_TurnedYellow_1116979426391043_image_The_Best_Valentine_s_Day_Gift_2025-01-24-3c72b760d5d4c4b482e.jpg,"curl -L ""https://github.com/lac5q/creative-ads-repository/raw/main/hd_ad_creatives/USD_TurnedYellow_1116979426391043_image_The_Best_Valentine_s_Day_Gift_2025-01-24-3c72b760d5d4c4b482e.jpg"" -o ""USD_TurnedYellow_1116979426391043_image_The_Best_Valentine_s_Day_Gift_2025-01-24-3c72b760d5d4c4b482e.jpg""",Active,High-quality upload 2025-06-25,2025-06-25,hd_ad_creatives,2025-06-25
USD_TurnedYellow_1568981233768433_image_Gift_Laughter_This_Easter__2025-04-08-b0dd0b930783ee6107a31e,TurnedYellow,TurnedYellow,1568981233768433,Image,USD TurnedYellow image Gift Laughter This Easter 2025-04-08-b0dd0b930783ee6107a31e,Standard,Standard,Premium HD,169.34,5,https://github.com/lac5q/creative-ads-repository/raw/main/hd_ad_creatives/USD_TurnedYellow_1568981233768433_image_Gift_Laughter_This_Easter__2025-04-08-b0dd0b930783ee6107a31e.jpg,https://github.com/lac5q/creative-ads-repository/blob/main/hd_ad_creatives/USD_TurnedYellow_1568981233768433_image_Gift_Laughter_This_Easter__2025-04-08-b0dd0b930783ee6107a31e.jpg,"curl -L ""https://github.com/lac5q/creative-ads-repository/raw/main/hd_ad_creatives/USD_TurnedYellow_1568981233768433_image_Gift_Laughter_This_Easter__2025-04-08-b0dd0b930783ee6107a31e.jpg"" -o ""USD_TurnedYellow_1568981233768433_image_Gift_Laughter_This_Easter__2025-04-08-b0dd0b930783ee6107a31e.jpg""",Active,High-quality upload 2025-06-25,2025-06-25,hd_ad_creatives,2025-06-25
USD_TurnedYellow_574743688489755_image_Mom_But_Make_It_Cartoon__2025-05-05-126814b5c3bd6543c529e644.,TurnedYellow,TurnedYellow,574743688489755,Image,USD TurnedYellow image Mom But Make Cartoon 2025-05-05-126814b5c3bd6543c529e644,Standard,Standard,Premium HD,183.75,6,https://github.com/lac5q/creative-ads-repository/raw/main/hd_ad_creatives/USD_TurnedYellow_574743688489755_image_Mom_But_Make_It_Cartoon__2025-05-05-126814b5c3bd6543c529e644.jpg,https://github.com/lac5q/creative-ads-repository/blob/main/hd_ad_creatives/USD_TurnedYellow_574743688489755_image_Mom_But_Make_It_Cartoon__2025-05-05-126814b5c3bd6543c529e644.jpg,"curl -L ""https://github.com/lac5q/creative-ads-repository/raw/main/hd_ad_creatives/USD_TurnedYellow_574743688489755_image_Mom_But_Make_It_Cartoon__2025-05-05-126814b5c3bd6543c529e644.jpg"" -o ""USD_TurnedYellow_574743688489755_image_Mom_But_Make_It_Cartoon__2025-05-05-126814b5c3bd6543c529e644.jpg""",Active,High-quality upload 2025-06-25,2025-06-25,hd_ad_creatives,2025-06-25
USD_TurnedYellow_722462166800755_image_Mom_But_Make_It_Cartoon__2025-05-05-535d3292ffa0a76c72146938.,TurnedYellow,TurnedYellow,722462166800755,Image,USD TurnedYellow image Mom But Make Cartoon 2025-05-05-535d3292ffa0a76c72146938,Standard,Standard,Premium HD,183.75,7,https://github.com/lac5q/creative-ads-repository/raw/main/hd_ad_creatives/USD_TurnedYellow_722462166800755_image_Mom_But_Make_It_Cartoon__2025-05-05-535d3292ffa0a76c72146938.jpg,https://github.com/lac5q/creative-ads-repository/blob/main/hd_ad_creatives/USD_TurnedYellow_722462166800755_image_Mom_But_Make_It_Cartoon__2025-05-05-535d3292ffa0a76c72146938.jpg,"curl -L ""https://github.com/lac5q/creative-ads-repository/raw/main/hd_ad_creatives/USD_TurnedYellow_722462166800755_image_Mom_But_Make_It_Cartoon__2025-05-05-535d3292ffa0a76c72146938.jpg"" -o ""USD_TurnedYellow_722462166800755_image_Mom_But_Make_It_Cartoon__2025-05-05-535d3292ffa0a76c72146938.jpg""",Active,High-quality upload 2025-06-25,2025-06-25,hd_ad_creatives,2025-06-25
MakeMeJedi_120214512156110354_image_Early_Black_Friday_Sale_-_Up_to_70_Off__2024-11-18-67de092fc.jpg,MakeMeJedi,MakeMeJedi,120214512156110354,Image,MakeMeJedi image Early Black Friday Sale Off 2024-11-18-67de092fc,Standard,Standard,Premium HD,162.63,8,https://github.com/lac5q/creative-ads-repository/raw/main/hd_ad_creatives/MakeMeJedi_120214512156110354_image_Early_Black_Friday_Sale_-_Up_to_70_Off__2024-11-18-67de092fc.jpg,https://github.com/lac5q/creative-ads-repository/blob/main/hd_ad_creatives/MakeMeJedi_120214512156110354_image_Early_Black_Friday_Sale_-_Up_to_70_Off__2024-11-18-67de092fc.jpg,"curl -L ""https://github.com/lac5q/creative-ads-repository/raw/main/hd_ad_creatives/MakeMeJedi_120214512156110354_image_Early_Black_Friday_Sale_-_Up_to_70_Off__2024-11-18-67de092fc.jpg"" -o ""MakeMeJedi_120214512156110354_image_Early_Black_Friday_Sale_-_Up_to_70_Off__2024-11-18-67de092fc.jpg""",Active,High-quality upload 2025-06-25,2025-06-25,hd_ad_creatives,2025-06-25
MakeMeJedi_973358931497404_image_This_Mother_s_Day__May_the_laughs_be_with_you_2025-04-17-ae7.jpg,MakeMeJedi,MakeMeJedi,973358931497404,Image,MakeMeJedi image This Mother Day May the laughs,Standard,Standard,Premium HD,164.23,9,https://github.com/lac5q/creative-ads-repository/raw/main/hd_ad_creatives/MakeMeJedi_973358931497404_image_This_Mother_s_Day__May_the_laughs_be_with_you_2025-04-17-ae7.jpg,https://github.com/lac5q/creative-ads-repository/blob/main/hd_ad_creatives/MakeMeJedi_973358931497404_image_This_Mother_s_Day__May_the_laughs_be_with_you_2025-04-17-ae7.jpg,"curl -L ""https://github.com/lac5q/creative-ads-repository/raw/main/hd_ad_creatives/MakeMeJedi_973358931497404_image_This_Mother_s_Day__May_the_laughs_be_with_you_2025-04-17-ae7.jpg"" -o ""MakeMeJedi_973358931497404_image_This_Mother_s_Day__May_the_laughs_be_with_you_2025-04-17-ae7.jpg""",Active,High-quality upload 2025-06-25,2025-06-25,hd_ad_creatives,2025-06-25
MakeMeJedi_1428725648092803_image_Jedi_Family_Portrait__Now_Everyone_s_Cracking_Up__2025-04-08.jpg,MakeMeJedi,MakeMeJedi,1428725648092803,Image,MakeMeJedi image Jedi Family Portrait Now Everyone Cracking,Standard,Standard,Premium HD,148.49,10,https://github.com/lac5q/creative-ads-repository/raw/main/hd_ad_creatives/MakeMeJedi_1428725648092803_image_Jedi_Family_Portrait__Now_Everyone_s_Cracking_Up__2025-04-08.jpg,https://github.com/lac5q/creative-ads-repository/blob/main/hd_ad_creatives/MakeMeJedi_1428725648092803_image_Jedi_Family_Portrait__Now_Everyone_s_Cracking_Up__2025-04-08.jpg,"curl -L ""https://github.com/lac5q/creative-ads-repository/raw/main/hd_ad_creatives/MakeMeJedi_1428725648092803_image_Jedi_Family_Portrait__Now_Everyone_s_Cracking_Up__2025-04-08.jpg"" -o ""MakeMeJedi_1428725648092803_image_Jedi_Family_Portrait__Now_Everyone_s_Cracking_Up__2025-04-08.jpg""",Active,High-quality upload 2025-06-25,2025-06-25,hd_ad_creatives,2025-06-25
MakeMeJedi_120214512156550354_image_Early_Black_Friday_Sale_-_Up_to_70_Off__2024-11-18-98eaf8cba.jpg,MakeMeJedi,MakeMeJedi,120214512156550354,Image,MakeMeJedi image Early Black Friday Sale Off 2024-11-18-98eaf8cba,Standard,Standard,Premium HD,162.63,11,https://github.com/lac5q/creative-ads-repository/raw/main/hd_ad_creatives/MakeMeJedi_120214512156550354_image_Early_Black_Friday_Sale_-_Up_to_70_Off__2024-11-18-98eaf8cba.jpg,https://github.com/lac5q/creative-ads-repository/blob/main/hd_ad_creatives/MakeMeJedi_120214512156550354_image_Early_Black_Friday_Sale_-_Up_to_70_Off__2024-11-18-98eaf8cba.jpg,"curl -L ""https://github.com/lac5q/creative-ads-repository/raw/main/hd_ad_creatives/MakeMeJedi_120214512156550354_image_Early_Black_Friday_Sale_-_Up_to_70_Off__2024-11-18-98eaf8cba.jpg"" -o ""MakeMeJedi_120214512156550354_image_Early_Black_Friday_Sale_-_Up_to_70_Off__2024-11-18-98eaf8cba.jpg""",Active,High-quality upload 2025-06-25,2025-06-25,hd_ad_creatives,2025-06-25
USD_TurnedYellow_1186986756463023_video_Gift_Laughter_This_Easter__2025-04-08-b7eced1d172f9247dc4322,TurnedYellow,TurnedYellow,1186986756463023,Video,USD TurnedYellow video Gift Laughter This Easter 2025-04-08-b7eced1d172f9247dc4322,Standard,Standard,Premium HD,6.67,12,https://github.com/lac5q/creative-ads-repository/raw/main/hd_ad_creatives/USD_TurnedYellow_1186986756463023_video_Gift_Laughter_This_Easter__2025-04-08-b7eced1d172f9247dc4322.jpg,https://github.com/lac5q/creative-ads-repository/blob/main/hd_ad_creatives/USD_TurnedYellow_1186986756463023_video_Gift_Laughter_This_Easter__2025-04-08-b7eced1d172f9247dc4322.jpg,"curl -L ""https://github.com/lac5q/creative-ads-repository/raw/main/hd_ad_creatives/USD_TurnedYellow_1186986756463023_video_Gift_Laughter_This_Easter__2025-04-08-b7eced1d172f9247dc4322.jpg"" -o ""USD_TurnedYellow_1186986756463023_video_Gift_Laughter_This_Easter__2025-04-08-b7eced1d172f9247dc4322.jpg""",Active,High-quality upload 2025-06-25,2025-06-25,hd_ad_creatives,2025-06-25
USD_TurnedYellow_1320707222360470_video_Get_Dad_Laughing_Up_to_70_OFF__2025-05-28-2d1c5349ee12b07678,TurnedYellow,TurnedYellow,1320707222360470,Video,USD TurnedYellow video Get Dad Laughing OFF 2025-05-28-2d1c5349ee12b07678,Standard,Standard,Premium HD,7.78,13,https://github.com/lac5q/creative-ads-repository/raw/main/hd_ad_creatives/USD_TurnedYellow_1320707222360470_video_Get_Dad_Laughing_Up_to_70_OFF__2025-05-28-2d1c5349ee12b07678.jpg,https://github.com/lac5q/creative-ads-repository/blob/main/hd_ad_creatives/USD_TurnedYellow_1320707222360470_video_Get_Dad_Laughing_Up_to_70_OFF__2025-05-28-2d1c5349ee12b07678.jpg,"curl -L ""https://github.com/lac5q/creative-ads-repository/raw/main/hd_ad_creatives/USD_TurnedYellow_1320707222360470_video_Get_Dad_Laughing_Up_to_70_OFF__2025-05-28-2d1c5349ee12b07678.jpg"" -o ""USD_TurnedYellow_1320707222360470_video_Get_Dad_Laughing_Up_to_70_OFF__2025-05-28-2d1c5349ee12b07678.jpg""",Active,High-quality upload 2025-06-25,2025-06-25,hd_ad_creatives,2025-06-25
USD_TurnedYellow_1761282917804254_video_Get_Dad_Laughing_Up_to_70_OFF__2025-05-30-5a2a563bdccb286d79,TurnedYellow,TurnedYellow,1761282917804254,Video,USD TurnedYellow video Get Dad Laughing OFF 2025-05-30-5a2a563bdccb286d79,Standard,Standard,Premium HD,9.37,14,https://github.com/lac5q/creative-ads-repository/raw/main/hd_ad_creatives/USD_TurnedYellow_1761282917804254_video_Get_Dad_Laughing_Up_to_70_OFF__2025-05-30-5a2a563bdccb286d79.jpg,https://github.com/lac5q/creative-ads-repository/blob/main/hd_ad_creatives/USD_TurnedYellow_1761282917804254_video_Get_Dad_Laughing_Up_to_70_OFF__2025-05-30-5a2a563bdccb286d79.jpg,"curl -L ""https://github.com/lac5q/creative-ads-repository/raw/main/hd_ad_creatives/USD_TurnedYellow_1761282917804254_video_Get_Dad_Laughing_Up_to_70_OFF__2025-05-30-5a2a563bdccb286d79.jpg"" -o ""USD_TurnedYellow_1761282917804254_video_Get_Dad_Laughing_Up_to_70_OFF__2025-05-30-5a2a563bdccb286d79.jpg""",Active,High-quality upload 2025-06-25,2025-06-25,hd_ad_creatives,2025-06-25
USD_TurnedYellow_1744998302722143_video_Dad_s_Hilarious_New_Look_Up_to_70_Off_2025-05-17-8dd4b46e990,TurnedYellow,TurnedYellow,1744998302722143,Video,USD TurnedYellow video Dad Hilarious New Look Off,Standard,Standard,Premium HD,9.52,15,https://github.com/lac5q/creative-ads-repository/raw/main/hd_ad_creatives/USD_TurnedYellow_1744998302722143_video_Dad_s_Hilarious_New_Look_Up_to_70_Off_2025-05-17-8dd4b46e990.jpg,https://github.com/lac5q/creative-ads-repository/blob/main/hd_ad_creatives/USD_TurnedYellow_1744998302722143_video_Dad_s_Hilarious_New_Look_Up_to_70_Off_2025-05-17-8dd4b46e990.jpg,"curl -L ""https://github.com/lac5q/creative-ads-repository/raw/main/hd_ad_creatives/USD_TurnedYellow_1744998302722143_video_Dad_s_Hilarious_New_Look_Up_to_70_Off_2025-05-17-8dd4b46e990.jpg"" -o ""USD_TurnedYellow_1744998302722143_video_Dad_s_Hilarious_New_Look_Up_to_70_Off_2025-05-17-8dd4b46e990.jpg""",Active,High-quality upload 2025-06-25,2025-06-25,hd_ad_creatives,2025-06-25
USD_TurnedYellow_1005954561528097_video_This_Father_s_Day_Turn_Dad_Yellow_Up_to_70_Off_2025-06-12-f4,TurnedYellow,TurnedYellow,1005954561528097,Video,USD TurnedYellow video This Father Day Turn Dad,Standard,Standard,Premium HD,8.67,16,https://github.com/lac5q/creative-ads-repository/raw/main/hd_ad_creatives/USD_TurnedYellow_1005954561528097_video_This_Father_s_Day_Turn_Dad_Yellow_Up_to_70_Off_2025-06-12-f4.jpg,https://github.com/lac5q/creative-ads-repository/blob/main/hd_ad_creatives/USD_TurnedYellow_1005954561528097_video_This_Father_s_Day_Turn_Dad_Yellow_Up_to_70_Off_2025-06-12-f4.jpg,"curl -L ""https://github.com/lac5q/creative-ads-repository/raw/main/hd_ad_creatives/USD_TurnedYellow_1005954561528097_video_This_Father_s_Day_Turn_Dad_Yellow_Up_to_70_Off_2025-06-12-f4.jpg"" -o ""USD_TurnedYellow_1005954561528097_video_This_Father_s_Day_Turn_Dad_Yellow_Up_to_70_Off_2025-06-12-f4.jpg""",Active,High-quality upload 2025-06-25,2025-06-25,hd_ad_creatives,2025-06-25
USD_TurnedYellow_1602031767130531_video_This_Father_s_Day_Turn_Dad_Yellow_Up_to_70_Off_2025-06-12-3b,TurnedYellow,TurnedYellow,1602031767130531,Video,USD TurnedYellow video This Father Day Turn Dad,Standard,Standard,Premium HD,6.76,17,https://github.com/lac5q/creative-ads-repository/raw/main/hd_ad_creatives/USD_TurnedYellow_1602031767130531_video_This_Father_s_Day_Turn_Dad_Yellow_Up_to_70_Off_2025-06-12-3b.jpg,https://github.com/lac5q/creative-ads-repository/blob/main/hd_ad_creatives/USD_TurnedYellow_1602031767130531_video_This_Father_s_Day_Turn_Dad_Yellow_Up_to_70_Off_2025-06-12-3b.jpg,"curl -L ""https://github.com/lac5q/creative-ads-repository/raw/main/hd_ad_creatives/USD_TurnedYellow_1602031767130531_video_This_Father_s_Day_Turn_Dad_Yellow_Up_to_70_Off_2025-06-12-3b.jpg"" -o ""USD_TurnedYellow_1602031767130531_video_This_Father_s_Day_Turn_Dad_Yellow_Up_to_70_Off_2025-06-12-3b.jpg""",Active,High-quality upload 2025-06-25,2025-06-25,hd_ad_creatives,2025-06-25
USD_TurnedYellow_1419785155685137_video_Dad_s_Hilarious_New_Look_Up_to_70_Off_2025-05-20-2a0a5c227d0,TurnedYellow,TurnedYellow,1419785155685137,Video,USD TurnedYellow video Dad Hilarious New Look Off,Standard,Standard,Premium HD,7.39,18,https://github.com/lac5q/creative-ads-repository/raw/main/hd_ad_creatives/USD_TurnedYellow_1419785155685137_video_Dad_s_Hilarious_New_Look_Up_to_70_Off_2025-05-20-2a0a5c227d0.jpg,https://github.com/lac5q/creative-ads-repository/blob/main/hd_ad_creatives/USD_TurnedYellow_1419785155685137_video_Dad_s_Hilarious_New_Look_Up_to_70_Off_2025-05-20-2a0a5c227d0.jpg,"curl -L ""https://github.com/lac5q/creative-ads-repository/raw/main/hd_ad_creatives/USD_TurnedYellow_1419785155685137_video_Dad_s_Hilarious_New_Look_Up_to_70_Off_2025-05-20-2a0a5c227d0.jpg"" -o ""USD_TurnedYellow_1419785155685137_video_Dad_s_Hilarious_New_Look_Up_to_70_Off_2025-05-20-2a0a5c227d0.jpg""",Active,High-quality upload 2025-06-25,2025-06-25,hd_ad_creatives,2025-06-25
USD_TurnedYellow_739715065387367_video_Get_Dad_Laughing_Up_to_70_OFF__2025-05-30-af2bd3134e80127a9c.,TurnedYellow,TurnedYellow,739715065387367,Video,USD TurnedYellow video Get Dad Laughing OFF 2025-05-30-af2bd3134e80127a9c,Standard,Standard,Premium HD,9.37,19,https://github.com/lac5q/creative-ads-repository/raw/main/hd_ad_creatives/USD_TurnedYellow_739715065387367_video_Get_Dad_Laughing_Up_to_70_OFF__2025-05-30-af2bd3134e80127a9c.jpg,https://github.com/lac5q/creative-ads-repository/blob/main/hd_ad_creatives/USD_TurnedYellow_739715065387367_video_Get_Dad_Laughing_Up_to_70_OFF__2025-05-30-af2bd3134e80127a9c.jpg,"curl -L ""https://github.com/lac5q/creative-ads-repository/raw/main/hd_ad_creatives/USD_TurnedYellow_739715065387367_video_Get_Dad_Laughing_Up_to_70_OFF__2025-05-30-af2bd3134e80127a9c.jpg"" -o ""USD_TurnedYellow_739715065387367_video_Get_Dad_Laughing_Up_to_70_OFF__2025-05-30-af2bd3134e80127a9c.jpg""",Active,High-quality upload 2025-06-25,2025-06-25,hd_ad_creatives,2025-06-25
USD_TurnedYellow_1281054330262045_video_This_Father_s_Day_Turn_Dad_Yellow_Up_to_70_Off_2025-06-11-d0,TurnedYellow,TurnedYellow,1281054330262045,Video,USD TurnedYellow video This Father Day Turn Dad,Standard,Standard,Premium HD,8.97,20,https://github.com/lac5q/creative-ads-repository/raw/main/hd_ad_creatives/USD_TurnedYellow_1281054330262045_video_This_Father_s_Day_Turn_Dad_Yellow_Up_to_70_Off_2025-06-11-d0.jpg,https://github.com/lac5q/creative-ads-repository/blob/main/hd_ad_creatives/USD_TurnedYellow_1281054330262045_video_This_Father_s_Day_Turn_Dad_Yellow_Up_to_70_Off_2025-06-11-d0.jpg,"curl -L ""https://github.com/lac5q/creative-ads-repository/raw/main/hd_ad_creatives/USD_TurnedYellow_1281054330262045_video_This_Father_s_Day_Turn_Dad_Yellow_Up_to_70_Off_2025-06-11-d0.jpg"" -o ""USD_TurnedYellow_1281054330262045_video_This_Father_s_Day_Turn_Dad_Yellow_Up_to_70_Off_2025-06-11-d0.jpg""",Active,High-quality upload 2025-06-25,2025-06-25,hd_ad_creatives,2025-06-25
USD_TurnedYellow_1012217514184189_video_Gift_Laughter_This_Easter__2025-04-08-30ffa5ad24dcb8eba276e2,TurnedYellow,TurnedYellow,1012217514184189,Video,USD TurnedYellow video Gift Laughter This Easter 2025-04-08-30ffa5ad24dcb8eba276e2,Standard,Standard,Premium HD,6.67,21,https://github.com/lac5q/creative-ads-repository/raw/main/hd_ad_creatives/USD_TurnedYellow_1012217514184189_video_Gift_Laughter_This_Easter__2025-04-08-30ffa5ad24dcb8eba276e2.jpg,https://github.com/lac5q/creative-ads-repository/blob/main/hd_ad_creatives/USD_TurnedYellow_1012217514184189_video_Gift_Laughter_This_Easter__2025-04-08-30ffa5ad24dcb8eba276e2.jpg,"curl -L ""https://github.com/lac5q/creative-ads-repository/raw/main/hd_ad_creatives/USD_TurnedYellow_1012217514184189_video_Gift_Laughter_This_Easter__2025-04-08-30ffa5ad24dcb8eba276e2.jpg"" -o ""USD_TurnedYellow_1012217514184189_video_Gift_Laughter_This_Easter__2025-04-08-30ffa5ad24dcb8eba276e2.jpg""",Active,High-quality upload 2025-06-25,2025-06-25,hd_ad_creatives,2025-06-25
USD_TurnedYellow_3998788930367636_video_Dad_s_Hilarious_New_Look_Up_to_70_Off_2025-05-20-8301f6205a3,TurnedYellow,TurnedYellow,3998788930367636,Video,USD TurnedYellow video Dad Hilarious New Look Off,Standard,Standard,Premium HD,7.39,22,https://github.com/lac5q/creative-ads-repository/raw/main/hd_ad_creatives/USD_TurnedYellow_3998788930367636_video_Dad_s_Hilarious_New_Look_Up_to_70_Off_2025-05-20-8301f6205a3.jpg,https://github.com/lac5q/creative-ads-repository/blob/main/hd_ad_creatives/USD_TurnedYellow_3998788930367636_video_Dad_s_Hilarious_New_Look_Up_to_70_Off_2025-05-20-8301f6205a3.jpg,"curl -L ""https://github.com/lac5q/creative-ads-repository/raw/main/hd_ad_creatives/USD_TurnedYellow_3998788930367636_video_Dad_s_Hilarious_New_Look_Up_to_70_Off_2025-05-20-8301f6205a3.jpg"" -o ""USD_TurnedYellow_3998788930367636_video_Dad_s_Hilarious_New_Look_Up_to_70_Off_2025-05-20-8301f6205a3.jpg""",Active,High-quality upload 2025-06-25,2025-06-25,hd_ad_creatives,2025-06-25
USD_TurnedYellow_1021068956786856_video_Gift_Laughter_This_Easter__2025-04-08-ecb48fbf783dea57df46fc,TurnedYellow,TurnedYellow,1021068956786856,Video,USD TurnedYellow video Gift Laughter This Easter 2025-04-08-ecb48fbf783dea57df46fc,Standard,Standard,Premium HD,9.54,23,https://github.com/lac5q/creative-ads-repository/raw/main/hd_ad_creatives/USD_TurnedYellow_1021068956786856_video_Gift_Laughter_This_Easter__2025-04-08-ecb48fbf783dea57df46fc.jpg,https://github.com/lac5q/creative-ads-repository/blob/main/hd_ad_creatives/USD_TurnedYellow_1021068956786856_video_Gift_Laughter_This_Easter__2025-04-08-ecb48fbf783dea57df46fc.jpg,"curl -L ""https://github.com/lac5q/creative-ads-repository/raw/main/hd_ad_creatives/USD_TurnedYellow_1021068956786856_video_Gift_Laughter_This_Easter__2025-04-08-ecb48fbf783dea57df46fc.jpg"" -o ""USD_TurnedYellow_1021068956786856_video_Gift_Laughter_This_Easter__2025-04-08-ecb48fbf783dea57df46fc.jpg""",Active,High-quality upload 2025-06-25,2025-06-25,hd_ad_creatives,2025-06-25
USD_TurnedYellow_1232598365204446_video_This_Father_s_Day_Turn_Dad_Yellow_Up_to_70_Off_2025-06-11-f6,TurnedYellow,TurnedYellow,1232598365204446,Video,USD TurnedYellow video This Father Day Turn Dad,Standard,Standard,Premium HD,9.04,24,https://github.com/lac5q/creative-ads-repository/raw/main/hd_ad_creatives/USD_TurnedYellow_1232598365204446_video_This_Father_s_Day_Turn_Dad_Yellow_Up_to_70_Off_2025-06-11-f6.jpg,https://github.com/lac5q/creative-ads-repository/blob/main/hd_ad_creatives/USD_TurnedYellow_1232598365204446_video_This_Father_s_Day_Turn_Dad_Yellow_Up_to_70_Off_2025-06-11-f6.jpg,"curl -L ""https://github.com/lac5q/creative-ads-repository/raw/main/hd_ad_creatives/USD_TurnedYellow_1232598365204446_video_This_Father_s_Day_Turn_Dad_Yellow_Up_to_70_Off_2025-06-11-f6.jpg"" -o ""USD_TurnedYellow_1232598365204446_video_This_Father_s_Day_Turn_Dad_Yellow_Up_to_70_Off_2025-06-11-f6.jpg""",Active,High-quality upload 2025-06-25,2025-06-25,hd_ad_creatives,2025-06-25
USD_TurnedYellow_611116684592963_video_Get_Dad_Laughing_Up_to_70_OFF__2025-05-28-5cd1ec047b8e23f653.,TurnedYellow,TurnedYellow,611116684592963,Video,USD TurnedYellow video Get Dad Laughing OFF 2025-05-28-5cd1ec047b8e23f653,Standard,Standard,Premium HD,8.54,25,https://github.com/lac5q/creative-ads-repository/raw/main/hd_ad_creatives/USD_TurnedYellow_611116684592963_video_Get_Dad_Laughing_Up_to_70_OFF__2025-05-28-5cd1ec047b8e23f653.jpg,https://github.com/lac5q/creative-ads-repository/blob/main/hd_ad_creatives/USD_TurnedYellow_611116684592963_video_Get_Dad_Laughing_Up_to_70_OFF__2025-05-28-5cd1ec047b8e23f653.jpg,"curl -L ""https://github.com/lac5q/creative-ads-repository/raw/main/hd_ad_creatives/USD_TurnedYellow_611116684592963_video_Get_Dad_Laughing_Up_to_70_OFF__2025-05-28-5cd1ec047b8e23f653.jpg"" -o ""USD_TurnedYellow_611116684592963_video_Get_Dad_Laughing_Up_to_70_OFF__2025-05-28-5cd1ec047b8e23f653.jpg""",Active,High-quality upload 2025-06-25,2025-06-25,hd_ad_creatives,2025-06-25
MakeMeJedi_701051849340807_video_Surprise_Your_Dad_This_Father_s_Day__2025-05-30-781ba1e3ab3d.jpg,MakeMeJedi,MakeMeJedi,701051849340807,Video,MakeMeJedi video Surprise Your Dad This Father Day,Standard,Standard,Premium HD,8.83,26,https://github.com/lac5q/creative-ads-repository/raw/main/hd_ad_creatives/MakeMeJedi_701051849340807_video_Surprise_Your_Dad_This_Father_s_Day__2025-05-30-781ba1e3ab3d.jpg,https://github.com/lac5q/creative-ads-repository/blob/main/hd_ad_creatives/MakeMeJedi_701051849340807_video_Surprise_Your_Dad_This_Father_s_Day__2025-05-30-781ba1e3ab3d.jpg,"curl -L ""https://github.com/lac5q/creative-ads-repository/raw/main/hd_ad_creatives/MakeMeJedi_701051849340807_video_Surprise_Your_Dad_This_Father_s_Day__2025-05-30-781ba1e3ab3d.jpg"" -o ""MakeMeJedi_701051849340807_video_Surprise_Your_Dad_This_Father_s_Day__2025-05-30-781ba1e3ab3d.jpg""",Active,High-quality upload 2025-06-25,2025-06-25,hd_ad_creatives,2025-06-25
MakeMeJedi_2432920570441720_video_The_Ultimate_Father_s_Day_Surprise_-_Up_to_70_OFF_2025-06-11.jpg,MakeMeJedi,MakeMeJedi,2432920570441720,Video,MakeMeJedi video The Ultimate Father Day Surprise OFF,Standard,Standard,Premium HD,7.49,27,https://github.com/lac5q/creative-ads-repository/raw/main/hd_ad_creatives/MakeMeJedi_2432920570441720_video_The_Ultimate_Father_s_Day_Surprise_-_Up_to_70_OFF_2025-06-11.jpg,https://github.com/lac5q/creative-ads-repository/blob/main/hd_ad_creatives/MakeMeJedi_2432920570441720_video_The_Ultimate_Father_s_Day_Surprise_-_Up_to_70_OFF_2025-06-11.jpg,"curl -L ""https://github.com/lac5q/creative-ads-repository/raw/main/hd_ad_creatives/MakeMeJedi_2432920570441720_video_The_Ultimate_Father_s_Day_Surprise_-_Up_to_70_OFF_2025-06-11.jpg"" -o ""MakeMeJedi_2432920570441720_video_The_Ultimate_Father_s_Day_Surprise_-_Up_to_70_OFF_2025-06-11.jpg""",Active,High-quality upload 2025-06-25,2025-06-25,hd_ad_creatives,2025-06-25
MakeMeJedi_981722934125041_video_Jedi_Family_Portrait__Now_Everyone_s_Cracking_Up__2025-04-08.jpg,MakeMeJedi,MakeMeJedi,981722934125041,Video,MakeMeJedi video Jedi Family Portrait Now Everyone Cracking,Standard,Standard,Premium HD,8.11,28,https://github.com/lac5q/creative-ads-repository/raw/main/hd_ad_creatives/MakeMeJedi_981722934125041_video_Jedi_Family_Portrait__Now_Everyone_s_Cracking_Up__2025-04-08.jpg,https://github.com/lac5q/creative-ads-repository/blob/main/hd_ad_creatives/MakeMeJedi_981722934125041_video_Jedi_Family_Portrait__Now_Everyone_s_Cracking_Up__2025-04-08.jpg,"curl -L ""https://github.com/lac5q/creative-ads-repository/raw/main/hd_ad_creatives/MakeMeJedi_981722934125041_video_Jedi_Family_Portrait__Now_Everyone_s_Cracking_Up__2025-04-08.jpg"" -o ""MakeMeJedi_981722934125041_video_Jedi_Family_Portrait__Now_Everyone_s_Cracking_Up__2025-04-08.jpg""",Active,High-quality upload 2025-06-25,2025-06-25,hd_ad_creatives,2025-06-25
MakeMeJedi_2511741675866644_video_The_Ultimate_Father_s_Day_Surprise_-_Up_to_70_OFF_2025-06-11.jpg,MakeMeJedi,MakeMeJedi,2511741675866644,Video,MakeMeJedi video The Ultimate Father Day Surprise OFF,Standard,Standard,Premium HD,10.07,29,https://github.com/lac5q/creative-ads-repository/raw/main/hd_ad_creatives/MakeMeJedi_2511741675866644_video_The_Ultimate_Father_s_Day_Surprise_-_Up_to_70_OFF_2025-06-11.jpg,https://github.com/lac5q/creative-ads-repository/blob/main/hd_ad_creatives/MakeMeJedi_2511741675866644_video_The_Ultimate_Father_s_Day_Surprise_-_Up_to_70_OFF_2025-06-11.jpg,"curl -L ""https://github.com/lac5q/creative-ads-repository/raw/main/hd_ad_creatives/MakeMeJedi_2511741675866644_video_The_Ultimate_Father_s_Day_Surprise_-_Up_to_70_OFF_2025-06-11.jpg"" -o ""MakeMeJedi_2511741675866644_video_The_Ultimate_Father_s_Day_Surprise_-_Up_to_70_OFF_2025-06-11.jpg""",Active,High-quality upload 2025-06-25,2025-06-25,hd_ad_creatives,2025-06-25
MakeMeJedi_1878547996015843_video_Jedi_Family_Portrait__Now_Everyone_s_Cracking_Up__2025-04-08.jpg,MakeMeJedi,MakeMeJedi,1878547996015843,Video,MakeMeJedi video Jedi Family Portrait Now Everyone Cracking,Standard,Standard,Premium HD,8.11,30,https://github.com/lac5q/creative-ads-repository/raw/main/hd_ad_creatives/MakeMeJedi_1878547996015843_video_Jedi_Family_Portrait__Now_Everyone_s_Cracking_Up__2025-04-08.jpg,https://github.com/lac5q/creative-ads-repository/blob/main/hd_ad_creatives/MakeMeJedi_1878547996015843_video_Jedi_Family_Portrait__Now_Everyone_s_Cracking_Up__2025-04-08.jpg,"curl -L ""https://github.com/lac5q/creative-ads-repository/raw/main/hd_ad_creatives/MakeMeJedi_1878547996015843_video_Jedi_Family_Portrait__Now_Everyone_s_Cracking_Up__2025-04-08.jpg"" -o ""MakeMeJedi_1878547996015843_video_Jedi_Family_Portrait__Now_Everyone_s_Cracking_Up__2025-04-08.jpg""",Active,High-quality upload 2025-06-25,2025-06-25,hd_ad_creatives,2025-06-25
MakeMeJedi_1160845358860193_video_This_Mother_s_Day__May_the_laughs_be_with_you_2025-04-17-47d.jpg,MakeMeJedi,MakeMeJedi,1160845358860193,Video,MakeMeJedi video This Mother Day May the laughs,Standard,Standard,Premium HD,7.63,31,https://github.com/lac5q/creative-ads-repository/raw/main/hd_ad_creatives/MakeMeJedi_1160845358860193_video_This_Mother_s_Day__May_the_laughs_be_with_you_2025-04-17-47d.jpg,https://github.com/lac5q/creative-ads-repository/blob/main/hd_ad_creatives/MakeMeJedi_1160845358860193_video_This_Mother_s_Day__May_the_laughs_be_with_you_2025-04-17-47d.jpg,"curl -L ""https://github.com/lac5q/creative-ads-repository/raw/main/hd_ad_creatives/MakeMeJedi_1160845358860193_video_This_Mother_s_Day__May_the_laughs_be_with_you_2025-04-17-47d.jpg"" -o ""MakeMeJedi_1160845358860193_video_This_Mother_s_Day__May_the_laughs_be_with_you_2025-04-17-47d.jpg""",Active,High-quality upload 2025-06-25,2025-06-25,hd_ad_creatives,2025-06-25
MakeMeJedi_975403881437353_video_Jedi_Family_Portrait__Now_Everyone_s_Cracking_Up__2025-04-08.jpg,MakeMeJedi,MakeMeJedi,975403881437353,Video,MakeMeJedi video Jedi Family Portrait Now Everyone Cracking,Standard,Standard,Premium HD,7.21,32,https://github.com/lac5q/creative-ads-repository/raw/main/hd_ad_creatives/MakeMeJedi_975403881437353_video_Jedi_Family_Portrait__Now_Everyone_s_Cracking_Up__2025-04-08.jpg,https://github.com/lac5q/creative-ads-repository/blob/main/hd_ad_creatives/MakeMeJedi_975403881437353_video_Jedi_Family_Portrait__Now_Everyone_s_Cracking_Up__2025-04-08.jpg,"curl -L ""https://github.com/lac5q/creative-ads-repository/raw/main/hd_ad_creatives/MakeMeJedi_975403881437353_video_Jedi_Family_Portrait__Now_Everyone_s_Cracking_Up__2025-04-08.jpg"" -o ""MakeMeJedi_975403881437353_video_Jedi_Family_Portrait__Now_Everyone_s_Cracking_Up__2025-04-08.jpg""",Active,High-quality upload 2025-06-25,2025-06-25,hd_ad_creatives,2025-06-25
MakeMeJedi_1212831203681534_video_The_Ultimate_Father_s_Day_Surprise_-_Up_to_70_OFF_2025-06-11.jpg,MakeMeJedi,MakeMeJedi,1212831203681534,Video,MakeMeJedi video The Ultimate Father Day Surprise OFF,Standard,Standard,Premium HD,7.49,33,https://github.com/lac5q/creative-ads-repository/raw/main/hd_ad_creatives/MakeMeJedi_1212831203681534_video_The_Ultimate_Father_s_Day_Surprise_-_Up_to_70_OFF_2025-06-11.jpg,https://github.com/lac5q/creative-ads-repository/blob/main/hd_ad_creatives/MakeMeJedi_1212831203681534_video_The_Ultimate_Father_s_Day_Surprise_-_Up_to_70_OFF_2025-06-11.jpg,"curl -L ""https://github.com/lac5q/creative-ads-repository/raw/main/hd_ad_creatives/MakeMeJedi_1212831203681534_video_The_Ultimate_Father_s_Day_Surprise_-_Up_to_70_OFF_2025-06-11.jpg"" -o ""MakeMeJedi_1212831203681534_video_The_Ultimate_Father_s_Day_Surprise_-_Up_to_70_OFF_2025-06-11.jpg""",Active,High-quality upload 2025-06-25,2025-06-25,hd_ad_creatives,2025-06-25
MakeMeJedi_120214904414330354_video_Up_tp_75_Off_Sitewide_2024-11-29-27d7139a288926134c1ac64a1fd.jpg,MakeMeJedi,MakeMeJedi,120214904414330354,Video,MakeMeJedi video Off Sitewide 2024-11-29-27d7139a288926134c1ac64a1fd,Standard,Standard,Premium HD,8.02,34,https://github.com/lac5q/creative-ads-repository/raw/main/hd_ad_creatives/MakeMeJedi_120214904414330354_video_Up_tp_75_Off_Sitewide_2024-11-29-27d7139a288926134c1ac64a1fd.jpg,https://github.com/lac5q/creative-ads-repository/blob/main/hd_ad_creatives/MakeMeJedi_120214904414330354_video_Up_tp_75_Off_Sitewide_2024-11-29-27d7139a288926134c1ac64a1fd.jpg,"curl -L ""https://github.com/lac5q/creative-ads-repository/raw/main/hd_ad_creatives/MakeMeJedi_120214904414330354_video_Up_tp_75_Off_Sitewide_2024-11-29-27d7139a288926134c1ac64a1fd.jpg"" -o ""MakeMeJedi_120214904414330354_video_Up_tp_75_Off_Sitewide_2024-11-29-27d7139a288926134c1ac64a1fd.jpg""",Active,High-quality upload 2025-06-25,2025-06-25,hd_ad_creatives,2025-06-25
MakeMeJedi_120214177266730354_video_Early_Black_Friday_Sale_-_Up_to_70_Off__2024-11-08-a4d7f0d86.jpg,MakeMeJedi,MakeMeJedi,120214177266730354,Video,MakeMeJedi video Early Black Friday Sale Off 2024-11-08-a4d7f0d86,Standard,Standard,Premium HD,8.69,35,https://github.com/lac5q/creative-ads-repository/raw/main/hd_ad_creatives/MakeMeJedi_120214177266730354_video_Early_Black_Friday_Sale_-_Up_to_70_Off__2024-11-08-a4d7f0d86.jpg,https://github.com/lac5q/creative-ads-repository/blob/main/hd_ad_creatives/MakeMeJedi_120214177266730354_video_Early_Black_Friday_Sale_-_Up_to_70_Off__2024-11-08-a4d7f0d86.jpg,"curl -L ""https://github.com/lac5q/creative-ads-repository/raw/main/hd_ad_creatives/MakeMeJedi_120214177266730354_video_Early_Black_Friday_Sale_-_Up_to_70_Off__2024-11-08-a4d7f0d86.jpg"" -o ""MakeMeJedi_120214177266730354_video_Early_Black_Friday_Sale_-_Up_to_70_Off__2024-11-08-a4d7f0d86.jpg""",Active,High-quality upload 2025-06-25,2025-06-25,hd_ad_creatives,2025-06-25
MakeMeJedi_120214177292420354_video_Early_Black_Friday_Sale_-_Up_to_70_Off__2024-11-08-106176148.jpg,MakeMeJedi,MakeMeJedi,120214177292420354,Video,MakeMeJedi video Early Black Friday Sale Off 2024-11-08-106176148,Standard,Standard,Premium HD,8.69,36,https://github.com/lac5q/creative-ads-repository/raw/main/hd_ad_creatives/MakeMeJedi_120214177292420354_video_Early_Black_Friday_Sale_-_Up_to_70_Off__2024-11-08-106176148.jpg,https://github.com/lac5q/creative-ads-repository/blob/main/hd_ad_creatives/MakeMeJedi_120214177292420354_video_Early_Black_Friday_Sale_-_Up_to_70_Off__2024-11-08-106176148.jpg,"curl -L ""https://github.com/lac5q/creative-ads-repository/raw/main/hd_ad_creatives/MakeMeJedi_120214177292420354_video_Early_Black_Friday_Sale_-_Up_to_70_Off__2024-11-08-106176148.jpg"" -o ""MakeMeJedi_120214177292420354_video_Early_Black_Friday_Sale_-_Up_to_70_Off__2024-11-08-106176148.jpg""",Active,High-quality upload 2025-06-25,2025-06-25,hd_ad_creatives,2025-06-25
MakeMeJedi_1231576455025877_video_Surprise_Your_Dad_This_Father_s_Day__2025-05-16-d3a7076b541b.jpg,MakeMeJedi,MakeMeJedi,1231576455025877,Video,MakeMeJedi video Surprise Your Dad This Father Day,Standard,Standard,Premium HD,10.87,37,https://github.com/lac5q/creative-ads-repository/raw/main/hd_ad_creatives/MakeMeJedi_1231576455025877_video_Surprise_Your_Dad_This_Father_s_Day__2025-05-16-d3a7076b541b.jpg,https://github.com/lac5q/creative-ads-repository/blob/main/hd_ad_creatives/MakeMeJedi_1231576455025877_video_Surprise_Your_Dad_This_Father_s_Day__2025-05-16-d3a7076b541b.jpg,"curl -L ""https://github.com/lac5q/creative-ads-repository/raw/main/hd_ad_creatives/MakeMeJedi_1231576455025877_video_Surprise_Your_Dad_This_Father_s_Day__2025-05-16-d3a7076b541b.jpg"" -o ""MakeMeJedi_1231576455025877_video_Surprise_Your_Dad_This_Father_s_Day__2025-05-16-d3a7076b541b.jpg""",Active,High-quality upload 2025-06-25,2025-06-25,hd_ad_creatives,2025-06-25
MakeMeJedi_1048704517352595_video_The_Ultimate_Father_s_Day_Surprise_-_Up_to_70_OFF_2025-06-11.jpg,MakeMeJedi,MakeMeJedi,1048704517352595,Video,MakeMeJedi video The Ultimate Father Day Surprise OFF,Standard,Standard,Premium HD,7.65,38,https://github.com/lac5q/creative-ads-repository/raw/main/hd_ad_creatives/MakeMeJedi_1048704517352595_video_The_Ultimate_Father_s_Day_Surprise_-_Up_to_70_OFF_2025-06-11.jpg,https://github.com/lac5q/creative-ads-repository/blob/main/hd_ad_creatives/MakeMeJedi_1048704517352595_video_The_Ultimate_Father_s_Day_Surprise_-_Up_to_70_OFF_2025-06-11.jpg,"curl -L ""https://github.com/lac5q/creative-ads-repository/raw/main/hd_ad_creatives/MakeMeJedi_1048704517352595_video_The_Ultimate_Father_s_Day_Surprise_-_Up_to_70_OFF_2025-06-11.jpg"" -o ""MakeMeJedi_1048704517352595_video_The_Ultimate_Father_s_Day_Surprise_-_Up_to_70_OFF_2025-06-11.jpg""",Active,High-quality upload 2025-06-25,2025-06-25,hd_ad_creatives,2025-06-25
MakeMeJedi_1518190389590549_video_The_Ultimate_Father_s_Day_Surprise_-_Up_to_70_OFF_2025-06-11.jpg,MakeMeJedi,MakeMeJedi,1518190389590549,Video,MakeMeJedi video The Ultimate Father Day Surprise OFF,Standard,Standard,Premium HD,8.48,39,https://github.com/lac5q/creative-ads-repository/raw/main/hd_ad_creatives/MakeMeJedi_1518190389590549_video_The_Ultimate_Father_s_Day_Surprise_-_Up_to_70_OFF_2025-06-11.jpg,https://github.com/lac5q/creative-ads-repository/blob/main/hd_ad_creatives/MakeMeJedi_1518190389590549_video_The_Ultimate_Father_s_Day_Surprise_-_Up_to_70_OFF_2025-06-11.jpg,"curl -L ""https://github.com/lac5q/creative-ads-repository/raw/main/hd_ad_creatives/MakeMeJedi_1518190389590549_video_The_Ultimate_Father_s_Day_Surprise_-_Up_to_70_OFF_2025-06-11.jpg"" -o ""MakeMeJedi_1518190389590549_video_The_Ultimate_Father_s_Day_Surprise_-_Up_to_70_OFF_2025-06-11.jpg""",Active,High-quality upload 2025-06-25,2025-06-25,hd_ad_creatives,2025-06-25
MakeMeJedi_2429515844075681_video_The_Ultimate_Father_s_Day_Surprise_-_Up_to_70_OFF_2025-06-11.jpg,MakeMeJedi,MakeMeJedi,2429515844075681,Video,MakeMeJedi video The Ultimate Father Day Surprise OFF,Standard,Standard,Premium HD,8.48,40,https://github.com/lac5q/creative-ads-repository/raw/main/hd_ad_creatives/MakeMeJedi_2429515844075681_video_The_Ultimate_Father_s_Day_Surprise_-_Up_to_70_OFF_2025-06-11.jpg,https://github.com/lac5q/creative-ads-repository/blob/main/hd_ad_creatives/MakeMeJedi_2429515844075681_video_The_Ultimate_Father_s_Day_Surprise_-_Up_to_70_OFF_2025-06-11.jpg,"curl -L ""https://github.com/lac5q/creative-ads-repository/raw/main/hd_ad_creatives/MakeMeJedi_2429515844075681_video_The_Ultimate_Father_s_Day_Surprise_-_Up_to_70_OFF_2025-06-11.jpg"" -o ""MakeMeJedi_2429515844075681_video_The_Ultimate_Father_s_Day_Surprise_-_Up_to_70_OFF_2025-06-11.jpg""",Active,High-quality upload 2025-06-25,2025-06-25,hd_ad_creatives,2025-06-25
TurnedWizard_23850145437870576_image_The_Perfect_Gift_For_Muggles_2022-03-21-5ab247a28bb887efcc84.jp,TurnedWizard,TurnedWizard,23850145437870576,Image,TurnedWizard image The Perfect Gift For Muggles 2022-03-21-5ab247a28bb887efcc84,Standard,Standard,Standard High,271.12,41,https://github.com/lac5q/creative-ads-repository/raw/main/image_creatives/TurnedWizard_23850145437870576_image_The_Perfect_Gift_For_Muggles_2022-03-21-5ab247a28bb887efcc84.jpg,https://github.com/lac5q/creative-ads-repository/blob/main/image_creatives/TurnedWizard_23850145437870576_image_The_Perfect_Gift_For_Muggles_2022-03-21-5ab247a28bb887efcc84.jpg,"curl -L ""https://github.com/lac5q/creative-ads-repository/raw/main/image_creatives/TurnedWizard_23850145437870576_image_The_Perfect_Gift_For_Muggles_2022-03-21-5ab247a28bb887efcc84.jpg"" -o ""TurnedWizard_23850145437870576_image_The_Perfect_Gift_For_Muggles_2022-03-21-5ab247a28bb887efcc84.jpg""",Active,High-quality upload 2025-06-25,2025-06-25,image_creatives,2025-06-25
TurnedWizard_23850145454230576_image_Turn_Your_Child_Into_a_Witch_Wizard_2022-03-21-b6fafd8536a0a.jp,TurnedWizard,TurnedWizard,23850145454230576,Image,TurnedWizard image Turn Your Child Into Witch Wizard,Standard,Standard,Standard High,355.98,42,https://github.com/lac5q/creative-ads-repository/raw/main/image_creatives/TurnedWizard_23850145454230576_image_Turn_Your_Child_Into_a_Witch_Wizard_2022-03-21-b6fafd8536a0a.jpg,https://github.com/lac5q/creative-ads-repository/blob/main/image_creatives/TurnedWizard_23850145454230576_image_Turn_Your_Child_Into_a_Witch_Wizard_2022-03-21-b6fafd8536a0a.jpg,"curl -L ""https://github.com/lac5q/creative-ads-repository/raw/main/image_creatives/TurnedWizard_23850145454230576_image_Turn_Your_Child_Into_a_Witch_Wizard_2022-03-21-b6fafd8536a0a.jpg"" -o ""TurnedWizard_23850145454230576_image_Turn_Your_Child_Into_a_Witch_Wizard_2022-03-21-b6fafd8536a0a.jpg""",Active,High-quality upload 2025-06-25,2025-06-25,image_creatives,2025-06-25
TurnedWizard_23849987094610576_image_Turn_Your_Child_Into_a_Witch_Wizard_2022-02-28-4c42f0d7134ba.jp,TurnedWizard,TurnedWizard,23849987094610576,Image,TurnedWizard image Turn Your Child Into Witch Wizard,Standard,Standard,Standard High,246.73,43,https://github.com/lac5q/creative-ads-repository/raw/main/image_creatives/TurnedWizard_23849987094610576_image_Turn_Your_Child_Into_a_Witch_Wizard_2022-02-28-4c42f0d7134ba.jpg,https://github.com/lac5q/creative-ads-repository/blob/main/image_creatives/TurnedWizard_23849987094610576_image_Turn_Your_Child_Into_a_Witch_Wizard_2022-02-28-4c42f0d7134ba.jpg,"curl -L ""https://github.com/lac5q/creative-ads-repository/raw/main/image_creatives/TurnedWizard_23849987094610576_image_Turn_Your_Child_Into_a_Witch_Wizard_2022-02-28-4c42f0d7134ba.jpg"" -o ""TurnedWizard_23849987094610576_image_Turn_Your_Child_Into_a_Witch_Wizard_2022-02-28-4c42f0d7134ba.jpg""",Active,High-quality upload 2025-06-25,2025-06-25,image_creatives,2025-06-25
TurnedWizard_23850145453330576_image_Turn_Your_Child_Into_a_Witch_Wizard_2022-03-21-6805c9420b130.jp,TurnedWizard,TurnedWizard,23850145453330576,Image,TurnedWizard image Turn Your Child Into Witch Wizard,Standard,Standard,Standard High,355.98,44,https://github.com/lac5q/creative-ads-repository/raw/main/image_creatives/TurnedWizard_23850145453330576_image_Turn_Your_Child_Into_a_Witch_Wizard_2022-03-21-6805c9420b130.jpg,https://github.com/lac5q/creative-ads-repository/blob/main/image_creatives/TurnedWizard_23850145453330576_image_Turn_Your_Child_Into_a_Witch_Wizard_2022-03-21-6805c9420b130.jpg,"curl -L ""https://github.com/lac5q/creative-ads-repository/raw/main/image_creatives/TurnedWizard_23850145453330576_image_Turn_Your_Child_Into_a_Witch_Wizard_2022-03-21-6805c9420b130.jpg"" -o ""TurnedWizard_23850145453330576_image_Turn_Your_Child_Into_a_Witch_Wizard_2022-03-21-6805c9420b130.jpg""",Active,High-quality upload 2025-06-25,2025-06-25,image_creatives,2025-06-25
TurnedWizard_23850145454730576_image_The_Perfect_Gift_For_Muggles_2022-03-21-277d8fec620e31118615.jp,TurnedWizard,TurnedWizard,23850145454730576,Image,TurnedWizard image The Perfect Gift For Muggles 2022-03-21-277d8fec620e31118615,Standard,Standard,Standard High,271.12,45,https://github.com/lac5q/creative-ads-repository/raw/main/image_creatives/TurnedWizard_23850145454730576_image_The_Perfect_Gift_For_Muggles_2022-03-21-277d8fec620e31118615.jpg,https://github.com/lac5q/creative-ads-repository/blob/main/image_creatives/TurnedWizard_23850145454730576_image_The_Perfect_Gift_For_Muggles_2022-03-21-277d8fec620e31118615.jpg,"curl -L ""https://github.com/lac5q/creative-ads-repository/raw/main/image_creatives/TurnedWizard_23850145454730576_image_The_Perfect_Gift_For_Muggles_2022-03-21-277d8fec620e31118615.jpg"" -o ""TurnedWizard_23850145454730576_image_The_Perfect_Gift_For_Muggles_2022-03-21-277d8fec620e31118615.jpg""",Active,High-quality upload 2025-06-25,2025-06-25,image_creatives,2025-06-25
TurnedWizard_23850145454710576_image_The_Perfect_Gift_For_Muggles_2022-03-21-77cc5a7945deb13439b9.jp,TurnedWizard,TurnedWizard,23850145454710576,Image,TurnedWizard image The Perfect Gift For Muggles 2022-03-21-77cc5a7945deb13439b9,Standard,Standard,Standard High,271.12,46,https://github.com/lac5q/creative-ads-repository/raw/main/image_creatives/TurnedWizard_23850145454710576_image_The_Perfect_Gift_For_Muggles_2022-03-21-77cc5a7945deb13439b9.jpg,https://github.com/lac5q/creative-ads-repository/blob/main/image_creatives/TurnedWizard_23850145454710576_image_The_Perfect_Gift_For_Muggles_2022-03-21-77cc5a7945deb13439b9.jpg,"curl -L ""https://github.com/lac5q/creative-ads-repository/raw/main/image_creatives/TurnedWizard_23850145454710576_image_The_Perfect_Gift_For_Muggles_2022-03-21-77cc5a7945deb13439b9.jpg"" -o ""TurnedWizard_23850145454710576_image_The_Perfect_Gift_For_Muggles_2022-03-21-77cc5a7945deb13439b9.jpg""",Active,High-quality upload 2025-06-25,2025-06-25,image_creatives,2025-06-25
TurnedWizard_23850145457310576_image_Turn_Your_Child_Into_a_Witch_Wizard_2022-03-21-ba56db9ecddcb.jp,TurnedWizard,TurnedWizard,23850145457310576,Image,TurnedWizard image Turn Your Child Into Witch Wizard,Standard,Standard,Standard High,355.98,47,https://github.com/lac5q/creative-ads-repository/raw/main/image_creatives/TurnedWizard_23850145457310576_image_Turn_Your_Child_Into_a_Witch_Wizard_2022-03-21-ba56db9ecddcb.jpg,https://github.com/lac5q/creative-ads-repository/blob/main/image_creatives/TurnedWizard_23850145457310576_image_Turn_Your_Child_Into_a_Witch_Wizard_2022-03-21-ba56db9ecddcb.jpg,"curl -L ""https://github.com/lac5q/creative-ads-repository/raw/main/image_creatives/TurnedWizard_23850145457310576_image_Turn_Your_Child_Into_a_Witch_Wizard_2022-03-21-ba56db9ecddcb.jpg"" -o ""TurnedWizard_23850145457310576_image_Turn_Your_Child_Into_a_Witch_Wizard_2022-03-21-ba56db9ecddcb.jpg""",Active,High-quality upload 2025-06-25,2025-06-25,image_creatives,2025-06-25
TurnedWizard_23850145458860576_image_Turn_Your_Child_Into_a_Witch_Wizard_2022-03-21-033cd09161379.jp,TurnedWizard,TurnedWizard,23850145458860576,Image,TurnedWizard image Turn Your Child Into Witch Wizard,Standard,Standard,Standard High,355.98,48,https://github.com/lac5q/creative-ads-repository/raw/main/image_creatives/TurnedWizard_23850145458860576_image_Turn_Your_Child_Into_a_Witch_Wizard_2022-03-21-033cd09161379.jpg,https://github.com/lac5q/creative-ads-repository/blob/main/image_creatives/TurnedWizard_23850145458860576_image_Turn_Your_Child_Into_a_Witch_Wizard_2022-03-21-033cd09161379.jpg,"curl -L ""https://github.com/lac5q/creative-ads-repository/raw/main/image_creatives/TurnedWizard_23850145458860576_image_Turn_Your_Child_Into_a_Witch_Wizard_2022-03-21-033cd09161379.jpg"" -o ""TurnedWizard_23850145458860576_image_Turn_Your_Child_Into_a_Witch_Wizard_2022-03-21-033cd09161379.jpg""",Active,High-quality upload 2025-06-25,2025-06-25,image_creatives,2025-06-25
TurnedWizard_23850145438550576_image_The_Perfect_Gift_For_Muggles_2022-03-21-23e7bc85231dbd3d8696.jp,TurnedWizard,TurnedWizard,23850145438550576,Image,TurnedWizard image The Perfect Gift For Muggles 2022-03-21-23e7bc85231dbd3d8696,Standard,Standard,Standard High,271.12,49,https://github.com/lac5q/creative-ads-repository/raw/main/image_creatives/TurnedWizard_23850145438550576_image_The_Perfect_Gift_For_Muggles_2022-03-21-23e7bc85231dbd3d8696.jpg,https://github.com/lac5q/creative-ads-repository/blob/main/image_creatives/TurnedWizard_23850145438550576_image_The_Perfect_Gift_For_Muggles_2022-03-21-23e7bc85231dbd3d8696.jpg,"curl -L ""https://github.com/lac5q/creative-ads-repository/raw/main/image_creatives/TurnedWizard_23850145438550576_image_The_Perfect_Gift_For_Muggles_2022-03-21-23e7bc85231dbd3d8696.jpg"" -o ""TurnedWizard_23850145438550576_image_The_Perfect_Gift_For_Muggles_2022-03-21-23e7bc85231dbd3d8696.jpg""",Active,High-quality upload 2025-06-25,2025-06-25,image_creatives,2025-06-25
TurnedWizard_23850145455150576_image_The_Perfect_Gift_For_Muggles_2022-03-21-eb674458ec162c2a4468.jp,TurnedWizard,TurnedWizard,23850145455150576,Image,TurnedWizard image The Perfect Gift For Muggles 2022-03-21-eb674458ec162c2a4468,Standard,Standard,Standard High,271.12,50,https://github.com/lac5q/creative-ads-repository/raw/main/image_creatives/TurnedWizard_23850145455150576_image_The_Perfect_Gift_For_Muggles_2022-03-21-eb674458ec162c2a4468.jpg,https://github.com/lac5q/creative-ads-repository/blob/main/image_creatives/TurnedWizard_23850145455150576_image_The_Perfect_Gift_For_Muggles_2022-03-21-eb674458ec162c2a4468.jpg,"curl -L ""https://github.com/lac5q/creative-ads-repository/raw/main/image_creatives/TurnedWizard_23850145455150576_image_The_Perfect_Gift_For_Muggles_2022-03-21-eb674458ec162c2a4468.jpg"" -o ""TurnedWizard_23850145455150576_image_The_Perfect_Gift_For_Muggles_2022-03-21-eb674458ec162c2a4468.jpg""",Active,High-quality upload 2025-06-25,2025-06-25,image_creatives,2025-06-25
TurnedWizard_23850145458750576_image_The_Perfect_Gift_For_Muggles_2022-03-21-de55e5be85484c852c43.jp,TurnedWizard,TurnedWizard,23850145458750576,Image,TurnedWizard image The Perfect Gift For Muggles 2022-03-21-de55e5be85484c852c43,Standard,Standard,Standard High,271.12,51,https://github.com/lac5q/creative-ads-repository/raw/main/image_creatives/TurnedWizard_23850145458750576_image_The_Perfect_Gift_For_Muggles_2022-03-21-de55e5be85484c852c43.jpg,https://github.com/lac5q/creative-ads-repository/blob/main/image_creatives/TurnedWizard_23850145458750576_image_The_Perfect_Gift_For_Muggles_2022-03-21-de55e5be85484c852c43.jpg,"curl -L ""https://github.com/lac5q/creative-ads-repository/raw/main/image_creatives/TurnedWizard_23850145458750576_image_The_Perfect_Gift_For_Muggles_2022-03-21-de55e5be85484c852c43.jpg"" -o ""TurnedWizard_23850145458750576_image_The_Perfect_Gift_For_Muggles_2022-03-21-de55e5be85484c852c43.jpg""",Active,High-quality upload 2025-06-25,2025-06-25,image_creatives,2025-06-25
TurnedWizard_23850145454810576_image_Turn_Your_Child_Into_a_Witch_Wizard_2022-03-21-1edd0ef993df7.jp,TurnedWizard,TurnedWizard,23850145454810576,Image,TurnedWizard image Turn Your Child Into Witch Wizard,Standard,Standard,Standard High,355.98,52,https://github.com/lac5q/creative-ads-repository/raw/main/image_creatives/TurnedWizard_23850145454810576_image_Turn_Your_Child_Into_a_Witch_Wizard_2022-03-21-1edd0ef993df7.jpg,https://github.com/lac5q/creative-ads-repository/blob/main/image_creatives/TurnedWizard_23850145454810576_image_Turn_Your_Child_Into_a_Witch_Wizard_2022-03-21-1edd0ef993df7.jpg,"curl -L ""https://github.com/lac5q/creative-ads-repository/raw/main/image_creatives/TurnedWizard_23850145454810576_image_Turn_Your_Child_Into_a_Witch_Wizard_2022-03-21-1edd0ef993df7.jpg"" -o ""TurnedWizard_23850145454810576_image_Turn_Your_Child_Into_a_Witch_Wizard_2022-03-21-1edd0ef993df7.jpg""",Active,High-quality upload 2025-06-25,2025-06-25,image_creatives,2025-06-25
TurnedWizard_23850145457130576_image_The_Perfect_Gift_For_Muggles_2022-03-21-4feba38a571422cf1cf9.jp,TurnedWizard,TurnedWizard,23850145457130576,Image,TurnedWizard image The Perfect Gift For Muggles 2022-03-21-4feba38a571422cf1cf9,Standard,Standard,Standard High,271.12,53,https://github.com/lac5q/creative-ads-repository/raw/main/image_creatives/TurnedWizard_23850145457130576_image_The_Perfect_Gift_For_Muggles_2022-03-21-4feba38a571422cf1cf9.jpg,https://github.com/lac5q/creative-ads-repository/blob/main/image_creatives/TurnedWizard_23850145457130576_image_The_Perfect_Gift_For_Muggles_2022-03-21-4feba38a571422cf1cf9.jpg,"curl -L ""https://github.com/lac5q/creative-ads-repository/raw/main/image_creatives/TurnedWizard_23850145457130576_image_The_Perfect_Gift_For_Muggles_2022-03-21-4feba38a571422cf1cf9.jpg"" -o ""TurnedWizard_23850145457130576_image_The_Perfect_Gift_For_Muggles_2022-03-21-4feba38a571422cf1cf9.jpg""",Active,High-quality upload 2025-06-25,2025-06-25,image_creatives,2025-06-25
TurnedWizard_23850145455180576_image_The_Perfect_Gift_For_Muggles_2022-03-21-368394aa2d709d94acf2.jp,TurnedWizard,TurnedWizard,23850145455180576,Image,TurnedWizard image The Perfect Gift For Muggles 2022-03-21-368394aa2d709d94acf2,Standard,Standard,Standard High,271.12,54,https://github.com/lac5q/creative-ads-repository/raw/main/image_creatives/TurnedWizard_23850145455180576_image_The_Perfect_Gift_For_Muggles_2022-03-21-368394aa2d709d94acf2.jpg,https://github.com/lac5q/creative-ads-repository/blob/main/image_creatives/TurnedWizard_23850145455180576_image_The_Perfect_Gift_For_Muggles_2022-03-21-368394aa2d709d94acf2.jpg,"curl -L ""https://github.com/lac5q/creative-ads-repository/raw/main/image_creatives/TurnedWizard_23850145455180576_image_The_Perfect_Gift_For_Muggles_2022-03-21-368394aa2d709d94acf2.jpg"" -o ""TurnedWizard_23850145455180576_image_The_Perfect_Gift_For_Muggles_2022-03-21-368394aa2d709d94acf2.jpg""",Active,High-quality upload 2025-06-25,2025-06-25,image_creatives,2025-06-25
TurnedWizard_23850145454690576_image_Turn_Your_Child_Into_a_Witch_Wizard_2022-03-21-46ba1a5b72766.jp,TurnedWizard,TurnedWizard,23850145454690576,Image,TurnedWizard image Turn Your Child Into Witch Wizard,Standard,Standard,Standard High,355.98,55,https://github.com/lac5q/creative-ads-repository/raw/main/image_creatives/TurnedWizard_23850145454690576_image_Turn_Your_Child_Into_a_Witch_Wizard_2022-03-21-46ba1a5b72766.jpg,https://github.com/lac5q/creative-ads-repository/blob/main/image_creatives/TurnedWizard_23850145454690576_image_Turn_Your_Child_Into_a_Witch_Wizard_2022-03-21-46ba1a5b72766.jpg,"curl -L ""https://github.com/lac5q/creative-ads-repository/raw/main/image_creatives/TurnedWizard_23850145454690576_image_Turn_Your_Child_Into_a_Witch_Wizard_2022-03-21-46ba1a5b72766.jpg"" -o ""TurnedWizard_23850145454690576_image_Turn_Your_Child_Into_a_Witch_Wizard_2022-03-21-46ba1a5b72766.jpg""",Active,High-quality upload 2025-06-25,2025-06-25,image_creatives,2025-06-25
TurnedWizard_23850157385160576_image_Turn_Your_Mom_Into_a_Wizard_2022-03-22-944a29417e7f3258ae32a.jp,TurnedWizard,TurnedWizard,23850157385160576,Image,TurnedWizard image Turn Your Mom Into Wizard 2022-03-22-944a29417e7f3258ae32a,Standard,Standard,Standard High,150.81,56,https://github.com/lac5q/creative-ads-repository/raw/main/image_creatives/TurnedWizard_23850157385160576_image_Turn_Your_Mom_Into_a_Wizard_2022-03-22-944a29417e7f3258ae32a.jpg,https://github.com/lac5q/creative-ads-repository/blob/main/image_creatives/TurnedWizard_23850157385160576_image_Turn_Your_Mom_Into_a_Wizard_2022-03-22-944a29417e7f3258ae32a.jpg,"curl -L ""https://github.com/lac5q/creative-ads-repository/raw/main/image_creatives/TurnedWizard_23850157385160576_image_Turn_Your_Mom_Into_a_Wizard_2022-03-22-944a29417e7f3258ae32a.jpg"" -o ""TurnedWizard_23850157385160576_image_Turn_Your_Mom_Into_a_Wizard_2022-03-22-944a29417e7f3258ae32a.jpg""",Active,High-quality upload 2025-06-25,2025-06-25,image_creatives,2025-06-25
TurnedWizard_23850157385920576_image_Turn_Your_Mom_Into_a_Wizard_2022-03-22-66f09dd3853bbfbb66ee3.jp,TurnedWizard,TurnedWizard,23850157385920576,Image,TurnedWizard image Turn Your Mom Into Wizard 2022-03-22-66f09dd3853bbfbb66ee3,Standard,Standard,Standard High,150.81,57,https://github.com/lac5q/creative-ads-repository/raw/main/image_creatives/TurnedWizard_23850157385920576_image_Turn_Your_Mom_Into_a_Wizard_2022-03-22-66f09dd3853bbfbb66ee3.jpg,https://github.com/lac5q/creative-ads-repository/blob/main/image_creatives/TurnedWizard_23850157385920576_image_Turn_Your_Mom_Into_a_Wizard_2022-03-22-66f09dd3853bbfbb66ee3.jpg,"curl -L ""https://github.com/lac5q/creative-ads-repository/raw/main/image_creatives/TurnedWizard_23850157385920576_image_Turn_Your_Mom_Into_a_Wizard_2022-03-22-66f09dd3853bbfbb66ee3.jpg"" -o ""TurnedWizard_23850157385920576_image_Turn_Your_Mom_Into_a_Wizard_2022-03-22-66f09dd3853bbfbb66ee3.jpg""",Active,High-quality upload 2025-06-25,2025-06-25,image_creatives,2025-06-25
TurnedWizard_23850157385560576_image_Turn_Your_Mom_Into_a_Wizard_2022-03-22-b8c53c6eda684fcc56f6e.jp,TurnedWizard,TurnedWizard,23850157385560576,Image,TurnedWizard image Turn Your Mom Into Wizard 2022-03-22-b8c53c6eda684fcc56f6e,Standard,Standard,Standard High,150.81,58,https://github.com/lac5q/creative-ads-repository/raw/main/image_creatives/TurnedWizard_23850157385560576_image_Turn_Your_Mom_Into_a_Wizard_2022-03-22-b8c53c6eda684fcc56f6e.jpg,https://github.com/lac5q/creative-ads-repository/blob/main/image_creatives/TurnedWizard_23850157385560576_image_Turn_Your_Mom_Into_a_Wizard_2022-03-22-b8c53c6eda684fcc56f6e.jpg,"curl -L ""https://github.com/lac5q/creative-ads-repository/raw/main/image_creatives/TurnedWizard_23850157385560576_image_Turn_Your_Mom_Into_a_Wizard_2022-03-22-b8c53c6eda684fcc56f6e.jpg"" -o ""TurnedWizard_23850157385560576_image_Turn_Your_Mom_Into_a_Wizard_2022-03-22-b8c53c6eda684fcc56f6e.jpg""",Active,High-quality upload 2025-06-25,2025-06-25,image_creatives,2025-06-25
HoliFrog_23850493386930701_image_Special_Value_-_The_Ultimate_Comfort_Combo_2022-05-25-fdfdd2.jpg,HoliFrog,HoliFrog,23850493386930701,Image,HoliFrog image Special Value The Ultimate Comfort Combo,Standard,Standard,Standard,91.5,59,https://github.com/lac5q/creative-ads-repository/raw/main/video_creatives/HoliFrog_23850493386930701_image_Special_Value_-_The_Ultimate_Comfort_Combo_2022-05-25-fdfdd2.jpg,https://github.com/lac5q/creative-ads-repository/blob/main/video_creatives/HoliFrog_23850493386930701_image_Special_Value_-_The_Ultimate_Comfort_Combo_2022-05-25-fdfdd2.jpg,"curl -L ""https://github.com/lac5q/creative-ads-repository/raw/main/video_creatives/HoliFrog_23850493386930701_image_Special_Value_-_The_Ultimate_Comfort_Combo_2022-05-25-fdfdd2.jpg"" -o ""HoliFrog_23850493386930701_image_Special_Value_-_The_Ultimate_Comfort_Combo_2022-05-25-fdfdd2.jpg""",Active,High-quality upload 2025-06-25,2025-06-25,video_creatives,2025-06-25
TurnedYellow_AUD_680731748202189_video_Bigfoot_s_Jungle_Adventures_____bigfoot_vlogging_comedy_jung.,TurnedYellow,TurnedYellow,680731748202189,Video,TurnedYellow AUD video Bigfoot Jungle Adventures bigfoot vlogging,Standard,Standard,Compressed,10.6,60,https://github.com/lac5q/creative-ads-repository/raw/main/archive_creatives/TurnedYellow_AUD_680731748202189_video_Bigfoot_s_Jungle_Adventures_____bigfoot_vlogging_comedy_jung.jpg,https://github.com/lac5q/creative-ads-repository/blob/main/archive_creatives/TurnedYellow_AUD_680731748202189_video_Bigfoot_s_Jungle_Adventures_____bigfoot_vlogging_comedy_jung.jpg,"curl -L ""https://github.com/lac5q/creative-ads-repository/raw/main/archive_creatives/TurnedYellow_AUD_680731748202189_video_Bigfoot_s_Jungle_Adventures_____bigfoot_vlogging_comedy_jung.jpg"" -o ""TurnedYellow_AUD_680731748202189_video_Bigfoot_s_Jungle_Adventures_____bigfoot_vlogging_comedy_jung.jpg""",Active,High-quality upload 2025-06-25,2025-06-25,archive_creatives,2025-06-25
TurnedYellow_AUD_6256860055435_video_Surprise_Your_Loved_Ones_with_THIS__2021-06-19-d3188103c19fc.jp,TurnedYellow,TurnedYellow,6256860055435,Video,TurnedYellow AUD video Surprise Your Loved Ones with,Standard,Standard,Compressed,6.14,61,https://github.com/lac5q/creative-ads-repository/raw/main/archive_creatives/TurnedYellow_AUD_6256860055435_video_Surprise_Your_Loved_Ones_with_THIS__2021-06-19-d3188103c19fc.jpg,https://github.com/lac5q/creative-ads-repository/blob/main/archive_creatives/TurnedYellow_AUD_6256860055435_video_Surprise_Your_Loved_Ones_with_THIS__2021-06-19-d3188103c19fc.jpg,"curl -L ""https://github.com/lac5q/creative-ads-repository/raw/main/archive_creatives/TurnedYellow_AUD_6256860055435_video_Surprise_Your_Loved_Ones_with_THIS__2021-06-19-d3188103c19fc.jpg"" -o ""TurnedYellow_AUD_6256860055435_video_Surprise_Your_Loved_Ones_with_THIS__2021-06-19-d3188103c19fc.jpg""",Active,High-quality upload 2025-06-25,2025-06-25,archive_creatives,2025-06-25
TurnedYellow_AUD_6257039435835_video_Transform_Yourself_Into_A_Cartoon_Character__2021-06-21-e35a.jp,TurnedYellow,TurnedYellow,6257039435835,Video,TurnedYellow AUD video Transform Yourself Into Cartoon Character,Standard,Standard,Compressed,7.54,62,https://github.com/lac5q/creative-ads-repository/raw/main/archive_creatives/TurnedYellow_AUD_6257039435835_video_Transform_Yourself_Into_A_Cartoon_Character__2021-06-21-e35a.jpg,https://github.com/lac5q/creative-ads-repository/blob/main/archive_creatives/TurnedYellow_AUD_6257039435835_video_Transform_Yourself_Into_A_Cartoon_Character__2021-06-21-e35a.jpg,"curl -L ""https://github.com/lac5q/creative-ads-repository/raw/main/archive_creatives/TurnedYellow_AUD_6257039435835_video_Transform_Yourself_Into_A_Cartoon_Character__2021-06-21-e35a.jpg"" -o ""TurnedYellow_AUD_6257039435835_video_Transform_Yourself_Into_A_Cartoon_Character__2021-06-21-e35a.jpg""",Active,High-quality upload 2025-06-25,2025-06-25,archive_creatives,2025-06-25
TurnedYellow_AUD_6257039436035_video_Transform_Yourself_Into_A_Cartoon_Character__2021-06-21-e6f1.jp,TurnedYellow,TurnedYellow,6257039436035,Video,TurnedYellow AUD video Transform Yourself Into Cartoon Character,Standard,Standard,Compressed,7.54,63,https://github.com/lac5q/creative-ads-repository/raw/main/archive_creatives/TurnedYellow_AUD_6257039436035_video_Transform_Yourself_Into_A_Cartoon_Character__2021-06-21-e6f1.jpg,https://github.com/lac5q/creative-ads-repository/blob/main/archive_creatives/TurnedYellow_AUD_6257039436035_video_Transform_Yourself_Into_A_Cartoon_Character__2021-06-21-e6f1.jpg,"curl -L ""https://github.com/lac5q/creative-ads-repository/raw/main/archive_creatives/TurnedYellow_AUD_6257039436035_video_Transform_Yourself_Into_A_Cartoon_Character__2021-06-21-e6f1.jpg"" -o ""TurnedYellow_AUD_6257039436035_video_Transform_Yourself_Into_A_Cartoon_Character__2021-06-21-e6f1.jpg""",Active,High-quality upload 2025-06-25,2025-06-25,archive_creatives,2025-06-25
TurnedYellow_AUD_6257039436235_video_Transform_Yourself_Into_A_Cartoon_Character__2021-06-21-e685.jp,TurnedYellow,TurnedYellow,6257039436235,Video,TurnedYellow AUD video Transform Yourself Into Cartoon Character,Standard,Standard,Compressed,7.54,64,https://github.com/lac5q/creative-ads-repository/raw/main/archive_creatives/TurnedYellow_AUD_6257039436235_video_Transform_Yourself_Into_A_Cartoon_Character__2021-06-21-e685.jpg,https://github.com/lac5q/creative-ads-repository/blob/main/archive_creatives/TurnedYellow_AUD_6257039436235_video_Transform_Yourself_Into_A_Cartoon_Character__2021-06-21-e685.jpg,"curl -L ""https://github.com/lac5q/creative-ads-repository/raw/main/archive_creatives/TurnedYellow_AUD_6257039436235_video_Transform_Yourself_Into_A_Cartoon_Character__2021-06-21-e685.jpg"" -o ""TurnedYellow_AUD_6257039436235_video_Transform_Yourself_Into_A_Cartoon_Character__2021-06-21-e685.jpg""",Active,High-quality upload 2025-06-25,2025-06-25,archive_creatives,2025-06-25
HoliFrog_23850408542650701_video_NEW_Utopia_Microflora_Toner_2022-05-13-24b07265a9435d15f34c5.jpg,HoliFrog,HoliFrog,23850408542650701,Video,HoliFrog video NEW Utopia Microflora Toner 2022-05-13-24b07265a9435d15f34c5,Standard,Standard,Compressed,5.79,65,https://github.com/lac5q/creative-ads-repository/raw/main/video_creatives/HoliFrog_23850408542650701_video_NEW_Utopia_Microflora_Toner_2022-05-13-24b07265a9435d15f34c5.jpg,https://github.com/lac5q/creative-ads-repository/blob/main/video_creatives/HoliFrog_23850408542650701_video_NEW_Utopia_Microflora_Toner_2022-05-13-24b07265a9435d15f34c5.jpg,"curl -L ""https://github.com/lac5q/creative-ads-repository/raw/main/video_creatives/HoliFrog_23850408542650701_video_NEW_Utopia_Microflora_Toner_2022-05-13-24b07265a9435d15f34c5.jpg"" -o ""HoliFrog_23850408542650701_video_NEW_Utopia_Microflora_Toner_2022-05-13-24b07265a9435d15f34c5.jpg""",Active,High-quality upload 2025-06-25,2025-06-25,video_creatives,2025-06-25
HoliFrog_23852106503370701_video_20_Off_First_Purchase_2022-11-22-5734935d1c36c7419cbacb48080.jpg,HoliFrog,HoliFrog,23852106503370701,Video,HoliFrog video Off First Purchase 2022-11-22-5734935d1c36c7419cbacb48080,Standard,Standard,Compressed,9.05,66,https://github.com/lac5q/creative-ads-repository/raw/main/video_creatives/HoliFrog_23852106503370701_video_20_Off_First_Purchase_2022-11-22-5734935d1c36c7419cbacb48080.jpg,https://github.com/lac5q/creative-ads-repository/blob/main/video_creatives/HoliFrog_23852106503370701_video_20_Off_First_Purchase_2022-11-22-5734935d1c36c7419cbacb48080.jpg,"curl -L ""https://github.com/lac5q/creative-ads-repository/raw/main/video_creatives/HoliFrog_23852106503370701_video_20_Off_First_Purchase_2022-11-22-5734935d1c36c7419cbacb48080.jpg"" -o ""HoliFrog_23852106503370701_video_20_Off_First_Purchase_2022-11-22-5734935d1c36c7419cbacb48080.jpg""",Active,High-quality upload 2025-06-25,2025-06-25,video_creatives,2025-06-25
TurnedWizard_23849987094670576_video_The_Perfect_Gift_For_Muggles_2022-02-28-e0e823847ba522c36e94.jp,TurnedWizard,TurnedWizard,23849987094670576,Video,TurnedWizard video The Perfect Gift For Muggles 2022-02-28-e0e823847ba522c36e94,Standard,Standard,Compressed,7.51,67,https://github.com/lac5q/creative-ads-repository/raw/main/image_creatives/TurnedWizard_23849987094670576_video_The_Perfect_Gift_For_Muggles_2022-02-28-e0e823847ba522c36e94.jpg,https://github.com/lac5q/creative-ads-repository/blob/main/image_creatives/TurnedWizard_23849987094670576_video_The_Perfect_Gift_For_Muggles_2022-02-28-e0e823847ba522c36e94.jpg,"curl -L ""https://github.com/lac5q/creative-ads-repository/raw/main/image_creatives/TurnedWizard_23849987094670576_video_The_Perfect_Gift_For_Muggles_2022-02-28-e0e823847ba522c36e94.jpg"" -o ""TurnedWizard_23849987094670576_video_The_Perfect_Gift_For_Muggles_2022-02-28-e0e823847ba522c36e94.jpg""",Active,High-quality upload 2025-06-25,2025-06-25,image_creatives,2025-06-25
TurnedWizard_23849987095740576_video_The_Perfect_Gift_For_Muggles_2022-02-28-62a6633618074e06cf88.jp,TurnedWizard,TurnedWizard,23849987095740576,Video,TurnedWizard video The Perfect Gift For Muggles 2022-02-28-62a6633618074e06cf88,Standard,Standard,Compressed,7.51,68,https://github.com/lac5q/creative-ads-repository/raw/main/image_creatives/TurnedWizard_23849987095740576_video_The_Perfect_Gift_For_Muggles_2022-02-28-62a6633618074e06cf88.jpg,https://github.com/lac5q/creative-ads-repository/blob/main/image_creatives/TurnedWizard_23849987095740576_video_The_Perfect_Gift_For_Muggles_2022-02-28-62a6633618074e06cf88.jpg,"curl -L ""https://github.com/lac5q/creative-ads-repository/raw/main/image_creatives/TurnedWizard_23849987095740576_video_The_Perfect_Gift_For_Muggles_2022-02-28-62a6633618074e06cf88.jpg"" -o ""TurnedWizard_23849987095740576_video_The_Perfect_Gift_For_Muggles_2022-02-28-62a6633618074e06cf88.jpg""",Active,High-quality upload 2025-06-25,2025-06-25,image_creatives,2025-06-25
